product_slug,product_name,attr_key,value,status,source_kind,source_url,quote
ak-2000-2,AK-2000-2,accuracy_mm,±30,known,vendor,https://robot.automacon.ru/agv-fmr,точность ±30 мм
ak-2000-2,AK-2000-2,charge_time_h,2,known,vendor,https://robot.automacon.ru/agv-fmr,зарядка ~2 ч
ak-2000-2,AK-2000-2,dimensions_mm,1980×1065×2285,known,vendor,https://robot.automacon.ru/agv-fmr,габариты 1980×1065×2285 мм
ak-2000-2,AK-2000-2,lift_height_mm,175,known,vendor,https://robot.automacon.ru/agv-fmr,подъём вил 175 мм
ak-2000-2,AK-2000-2,mass_kg,700,known,vendor,https://robot.automacon.ru/agv-fmr,масса 700 кг
ak-2000-2,AK-2000-2,navigation,3D Laser SLAM,known,vendor,https://robot.automacon.ru/agv-fmr,3D Laser SLAM
ak-2000-2,AK-2000-2,payload_kg,2000,known,vendor,https://robot.automacon.ru/agv-fmr,Грузоподъёмность 2000 кг
ak-2000-2,AK-2000-2,power_supply,LiFePO4 24 В/225 А·ч,known,vendor,https://robot.automacon.ru/agv-fmr,LiFePO4 24 В/225 А·ч
ak-2000-2,AK-2000-2,purpose,Колёсный автономный FMR с вилочным захватом для горизонтального перемещения паллет по складу.,known,vendor,https://robot.automacon.ru/agv-fmr,Колёсный автономный FMR с вилочным захватом для горизонтального перемещения паллет по складу.
ak-2000-2,AK-2000-2,risks,Паллетоперевозчик без высотного штабелирования; уклон до 8%.,known,vendor,https://robot.automacon.ru/agv-fmr,без высотного штабелирования; уклон до 8%
ak-2000-2,AK-2000-2,speed_empty_ms,2.6,known,vendor,https://robot.automacon.ru/agv-fmr,"скорость до 2,6 м/с"
ak-2000-2,AK-2000-2,speed_loaded_ms,2.6,known,vendor,https://robot.automacon.ru/agv-fmr,"скорость до 2,6 м/с"
ak-2000-2,AK-2000-2,work_time_h,7,known,vendor,https://robot.automacon.ru/agv-fmr,работа 6–8 ч
ak-sc80,АК-SC80,charging_type,"автозарядка, залив/слив воды (станция WSC80)",known,vendor,https://robot.automacon.ru/cleaner,"рабочей станцией WSC80 (автозарядка, залив/слив воды)"
ak-sc80,АК-SC80,dimensions_mm,1340×1024×1350,known,vendor,https://robot.automacon.ru/cleaner,габариты 1340×1024×1350 мм
ak-sc80,АК-SC80,mass_kg,400,known,vendor,https://robot.automacon.ru/cleaner,масса ~400 кг
ak-sc80,АК-SC80,power_supply,LiFePO4 36 В/200 А·ч,known,vendor,https://robot.automacon.ru/cleaner,LiFePO4 36 В/200 А·ч
ak-sc80,АК-SC80,purpose,"Крупная автономная поломоечно-подметальная машина с рабочей станцией WSC80 (автозарядка, залив/слив воды).",known,vendor,https://robot.automacon.ru/cleaner,"Крупная автономная поломоечно-подметальная машина с рабочей станцией WSC80 (автозарядка, залив/слив воды)."
ak-sc80,АК-SC80,speed_empty_ms,1.5,known,vendor,https://robot.automacon.ru/cleaner,"скорость до 5,4 км/ч"
ak-sc80,АК-SC80,speed_loaded_ms,1.5,known,vendor,https://robot.automacon.ru/cleaner,"скорость до 5,4 км/ч"
ak-sc80,АК-SC80,throughput,4000,known,vendor,https://robot.automacon.ru/cleaner,Производительность до 4000 м²/ч
ak-sc80,АК-SC80,throughput_unit,м²/ч,known,vendor,https://robot.automacon.ru/cleaner,Производительность до 4000 м²/ч
ak-sc80,АК-SC80,work_time_h,4.5,known,vendor,https://robot.automacon.ru/cleaner,автономность 3–6 ч
amr-100-gruzopodemnost-do-100-kg,AMR 100,accuracy_mm,±10,known,vendor,https://морос.рф/amr-100/,точность ±10 мм
amr-100-gruzopodemnost-do-100-kg,AMR 100,dimensions_mm,600×400×200,known,vendor,https://морос.рф/amr-100/,габариты 600×400×200 мм
amr-100-gruzopodemnost-do-100-kg,AMR 100,mass_kg,30,known,vendor,https://морос.рф/amr-100/,масса ≤30 кг
amr-100-gruzopodemnost-do-100-kg,AMR 100,payload_kg,100,known,vendor,https://морос.рф/amr-100/,Грузоподъёмность до 100 кг
amr-100-gruzopodemnost-do-100-kg,AMR 100,purpose,"Компактная колёсная AMR-платформа с универсальной оснасткой для доставки деталей, сырья, медикаментов и небольших грузов между рабочими зонами.",known,vendor,https://морос.рф/amr-100/,"Компактная колёсная AMR-платформа с универсальной оснасткой для доставки деталей, сырья, медикаментов и небольших грузов между рабочими зонами."
amr-100-gruzopodemnost-do-100-kg,AMR 100,speed_empty_ms,3,known,vendor,https://морос.рф/amr-100/,скорость 3 м/с (по данным производителя)
amr-100-gruzopodemnost-do-100-kg,AMR 100,speed_loaded_ms,3,known,vendor,https://морос.рф/amr-100/,скорость 3 м/с (по данным производителя)
amr-100-gruzopodemnost-do-100-kg,AMR 100,work_time_h,21,known,vendor,https://морос.рф/amr-100/,автономность 18–24 ч
amr-1500-gruzopodemnost-do-1-500-kg,AMR 1500,accuracy_mm,±10,known,vendor,https://морос.рф/amr-1500/,точность ±10 мм
amr-1500-gruzopodemnost-do-1-500-kg,AMR 1500,dimensions_mm,1100×600×230,known,vendor,https://морос.рф/amr-1500/,габариты 1100×600×230 мм
amr-1500-gruzopodemnost-do-1-500-kg,AMR 1500,mass_kg,200,known,vendor,https://морос.рф/amr-1500/,масса 200 кг
amr-1500-gruzopodemnost-do-1-500-kg,AMR 1500,navigation,QR-метки / SLAM,known,vendor,https://морос.рф/amr-1500/,QR-метки / SLAM
amr-1500-gruzopodemnost-do-1-500-kg,AMR 1500,payload_kg,1500,known,vendor,https://морос.рф/amr-1500/,Грузоподъёмность до 1500 кг
amr-1500-gruzopodemnost-do-1-500-kg,AMR 1500,purpose,Усиленная компактная колёсная AMR-платформа для тяжёлых грузов с модульной верхней оснасткой и автоматической зарядкой.,known,vendor,https://морос.рф/amr-1500/,Усиленная компактная колёсная AMR-платформа для тяжёлых грузов с модульной верхней оснасткой и автоматической зарядкой.
amr-1500-gruzopodemnost-do-1-500-kg,AMR 1500,speed_empty_ms,1.5,known,vendor,https://морос.рф/amr-1500/,"скорость до 1,5 м/с"
amr-1500-gruzopodemnost-do-1-500-kg,AMR 1500,speed_loaded_ms,1.5,known,vendor,https://морос.рф/amr-1500/,"скорость до 1,5 м/с"
amr-1500-gruzopodemnost-do-1-500-kg,AMR 1500,work_time_h,22,known,vendor,https://морос.рф/amr-1500/,автономность до 22 ч
amr-800-gruzopodemnost-do-800-kg,AMR 800,accuracy_mm,±10,known,vendor,https://морос.рф/amr-800/,точность ±10 мм
amr-800-gruzopodemnost-do-800-kg,AMR 800,dimensions_mm,940×640×230,known,vendor,https://морос.рф/amr-800/,габариты 940×640×230 мм
amr-800-gruzopodemnost-do-800-kg,AMR 800,mass_kg,150,known,vendor,https://морос.рф/amr-800/,масса 150 кг
amr-800-gruzopodemnost-do-800-kg,AMR 800,navigation,QR-метки / SLAM,known,vendor,https://морос.рф/amr-800/,навигация QR-метки / SLAM
amr-800-gruzopodemnost-do-800-kg,AMR 800,payload_kg,800,known,vendor,https://морос.рф/amr-800/,Грузоподъёмность 800 кг
amr-800-gruzopodemnost-do-800-kg,AMR 800,purpose,"Низкопрофильная модульная колёсная AMR-платформа с вариантами оснастки для паллет, стеллажей, конвейеров и производственных грузов.",known,vendor,https://морос.рф/amr-800/,"Низкопрофильная модульная колёсная AMR-платформа с вариантами оснастки для паллет, стеллажей, конвейеров и производственных грузов."
amr-800-gruzopodemnost-do-800-kg,AMR 800,speed_empty_ms,2,known,vendor,https://морос.рф/amr-800/,скорость до 2 м/с
amr-800-gruzopodemnost-do-800-kg,AMR 800,speed_loaded_ms,2,known,vendor,https://морос.рф/amr-800/,скорость до 2 м/с
amr-800-gruzopodemnost-do-800-kg,AMR 800,work_time_h,19,known,vendor,https://морос.рф/amr-800/,автономность 14–24 ч
arkus,Аркус (Arcus),accuracy_mm,0.5,known,dealer,,"точность позиционирования рук до 0,5 мм"
arkus,Аркус (Arcus),axes,23,known,dealer,,23 степени свободы
arkus,Аркус (Arcus),navigation,лидар; RGB-D-камера; ИК- и стереокамеры; два инерциальных датчика,known,dealer,,лидар; RGB-D-камера; ИК- и стереокамеры; два инерциальных датчика
arkus,Аркус (Arcus),purpose,Антропоморфный двуногий робот человекоподобного форм-фактора с двумя руками.,known,dealer,,Антропоморфный двуногий робот человекоподобного форм-фактора с двумя руками.
arkus,Аркус (Arcus),risks,"Р, УГТ 3 — низкая готовность, в автоподбор не попадает, только как перспективное решение.",known,dealer,,"Р, УГТ 3 — низкая готовность, в автоподбор не попадает, только как перспективное решение."
as-rs-b,AS-RS B,container_dimensions_mm,600×400×220 / 600×400×340 / 600×400×420,known,dealer,https://www.kiit.ru/katalog/avtomatizirovannye-sklady/brand-dikom/,600x400x220 / 600x400x340 / 600x400x420 [B]
as-rs-b,AS-RS B,container_type,Ящики KLT,known,vendor,https://www.kiit.ru/katalog/avtomatizirovannye-sklady/brand-dikom/,"Ящики KLT [A, каталог]; 600×400, высота 220/340/420 мм [B, КИИТ]"
as-rs-b,AS-RS B,enclosure,"Indoor, высотный GTP-склад",known,dealer,https://www.kiit.ru/katalog/avtomatizirovannye-sklady/brand-dikom/,"Indoor, высотный GTP-склад [B]"
as-rs-b,AS-RS B,infrastructure_req,Новая стеллажная система под KLT; связка с DMR 50 и СУАС ДиКом,known,dealer,https://www.kiit.ru/katalog/avtomatizirovannye-sklady/brand-dikom/,Новая стеллажная система под KLT; связка с DMR 50 и СУАС ДиКом [B]
as-rs-b,AS-RS B,purpose,Груз хранится в KLT ящиках. Тип стеллажа: фронтальный палетный стеллаж/Автоматическая система хранения и доставки грузов. Подача груза по принципу «товар к человеку» механизирована с помощью робота-штабелера,known,dealer,https://www.kiit.ru/katalog/avtomatizirovannye-sklady/brand-dikom/,Груз хранится в KLT ящиках. Тип стеллажа: фронтальный палетный стеллаж/Автоматическая система хранения и доставки грузов. Подача груза по принципу «товар к человеку» механизирована с помощью робота-штабелера
as-rs-b,AS-RS B,ready_for_automatch,false,known,dealer,https://www.kiit.ru/katalog/avtomatizirovannye-sklady/brand-dikom/,"Нет — УГТ 6, пилот, нет производительности"
as-rs-b,AS-RS B,region,Санкт-Петербург,known,dealer,https://www.kiit.ru/katalog/avtomatizirovannye-sklady/brand-dikom/,Санкт-Петербург
as-rs-b,AS-RS B,risks,"Статус «пилот», УГТ 6 — ниже порога автоподбора. Публичного паспорта нет, только обрывки КИИТ/выставки. В подборку не включать до ответа вендора.",known,dealer,https://www.kiit.ru/katalog/avtomatizirovannye-sklady/brand-dikom/,"Статус «пилот», УГТ 6 — ниже порога автоподбора. Публичного паспорта нет, только обрывки КИИТ/выставки. В подборку не включать до ответа вендора."
as-rs-b,AS-RS B,software_integration,ДиКом СУАС базовая / расширенная (общая для линейки),known,dealer,https://www.kiit.ru/katalog/avtomatizirovannye-sklady/brand-dikom/,ДиКом СУАС базовая / расширенная (общая для линейки) [B]
as-rs-b,AS-RS B,speed_empty_ms,4,known,dealer,https://www.kiit.ru/katalog/avtomatizirovannye-sklady/brand-dikom/,до 4 [B]
as-rs-b,AS-RS B,speed_loaded_ms,4,known,dealer,https://www.kiit.ru/katalog/avtomatizirovannye-sklady/brand-dikom/,"до 4 (роботы-штабелёры, интервью ДиКом) [B]"
as-rs-b,AS-RS B,system_class,brs,known,dealer,https://www.kiit.ru/katalog/avtomatizirovannye-sklady/brand-dikom/,brs
as-rs-b,AS-RS B,throughput_unit,ящиков/ч,known,dealer,https://www.kiit.ru/katalog/avtomatizirovannye-sklady/brand-dikom/,ящиков/ч
as-rs-p,AS-RS P,charge_time_h,,not_applicable,analogue,https://www.kiit.ru/product/avtomatizirovannyy-kran-shtabeler-dlya-pallet-s-1-komplektom-teleskopicheskikh-vil/,не требуется (сетевое питание) [C]
as-rs-p,AS-RS P,charging_type,Сетевое питание,known,analogue,https://www.kiit.ru/product/avtomatizirovannyy-kran-shtabeler-dlya-pallet-s-1-komplektom-teleskopicheskikh-vil/,Сетевое питание [C]
as-rs-p,AS-RS P,container_dimensions_mm,1200×800,known,dealer,https://www.kiit.ru/product/avtomatizirovannyy-kran-shtabeler-dlya-pallet-s-1-komplektom-teleskopicheskikh-vil/,1200x800 [B]
as-rs-p,AS-RS P,container_type,EUR-поддон,known,dealer,https://www.kiit.ru/product/avtomatizirovannyy-kran-shtabeler-dlya-pallet-s-1-komplektom-teleskopicheskikh-vil/,EUR-поддон [B]
as-rs-p,AS-RS P,enclosure,"Indoor, высотный стеллажный склад",known,dealer,https://www.kiit.ru/product/avtomatizirovannyy-kran-shtabeler-dlya-pallet-s-1-komplektom-teleskopicheskikh-vil/,"Indoor, высотный стеллажный склад [B]"
as-rs-p,AS-RS P,infrastructure_req,"Стеллажная конструкция до 24 м, рельсы, конвейеры подачи; зона выдачи торцевая и фронтальная; двухбалочная конструкция крана",known,dealer,https://www.kiit.ru/product/avtomatizirovannyy-kran-shtabeler-dlya-pallet-s-1-komplektom-teleskopicheskikh-vil/,"Стеллажная конструкция до 24 м, рельсы, конвейеры подачи; зона выдачи торцевая и фронтальная; двухбалочная конструкция крана [B]"
as-rs-p,AS-RS P,navigation,Движение по рельсам в проходе стеллажа,known,dealer,https://www.kiit.ru/product/avtomatizirovannyy-kran-shtabeler-dlya-pallet-s-1-komplektom-teleskopicheskikh-vil/,Движение по рельсам в проходе стеллажа [B]
as-rs-p,AS-RS P,not_to_confuse_with,"Исполнение с 2 комплектами телескопических вил — та же система, выше производительность, не отдельный продукт в подборе",known,dealer,https://www.kiit.ru/product/avtomatizirovannyy-kran-shtabeler-dlya-pallet-s-1-komplektom-teleskopicheskikh-vil/,"Исполнение с 2 комплектами телескопических вил — та же система, выше производительность, не отдельный продукт в подборе"
as-rs-p,AS-RS P,payload_kg,3000,known,dealer,https://www.kiit.ru/product/avtomatizirovannyy-kran-shtabeler-dlya-pallet-s-1-komplektom-teleskopicheskikh-vil/,3000 [B]
as-rs-p,AS-RS P,purpose,Груз хранится на стеллажах на EUR-поддонах. Тип стеллажа: стационарный палетный стеллаж/ Автоматическая система хранения и доставки грузов. Подача груза по принципу «товар к человеку» механизирована с помощью кран-штабелера.,known,dealer,https://www.kiit.ru/product/avtomatizirovannyy-kran-shtabeler-dlya-pallet-s-1-komplektom-teleskopicheskikh-vil/,Груз хранится на стеллажах на EUR-поддонах. Тип стеллажа: стационарный палетный стеллаж/ Автоматическая система хранения и доставки грузов. Подача груза по принципу «товар к человеку» механизирована с помощью кран-штабелера.
as-rs-p,AS-RS P,ready_for_automatch,true,known,dealer,https://www.kiit.ru/product/avtomatizirovannyy-kran-shtabeler-dlya-pallet-s-1-komplektom-teleskopicheskikh-vil/,"Да, с оговорками — нет ширины прохода, температуры и паспортной производительности"
as-rs-p,AS-RS P,region,Санкт-Петербург,known,dealer,https://www.kiit.ru/product/avtomatizirovannyy-kran-shtabeler-dlya-pallet-s-1-komplektom-teleskopicheskikh-vil/,Санкт-Петербург
as-rs-p,AS-RS P,risks,Производительность — оценка по аналогу; неизвестна требуемая ширина прохода и температурный диапазон; высота 24 м требует соответствующего здания,known,dealer,https://www.kiit.ru/product/avtomatizirovannyy-kran-shtabeler-dlya-pallet-s-1-komplektom-teleskopicheskikh-vil/,Производительность — оценка по аналогу; неизвестна требуемая ширина прохода и температурный диапазон; высота 24 м требует соответствующего здания
as-rs-p,AS-RS P,software_integration,"ДиКом СУАС: базовая бесплатно, расширенная с API к WMS и ERP",known,dealer,https://www.kiit.ru/product/avtomatizirovannyy-kran-shtabeler-dlya-pallet-s-1-komplektom-teleskopicheskikh-vil/,"ДиКом СУАС: базовая бесплатно, расширенная с API к WMS и ERP [B]"
as-rs-p,AS-RS P,speed_empty_ms,3,known,dealer,https://www.kiit.ru/product/avtomatizirovannyy-kran-shtabeler-dlya-pallet-s-1-komplektom-teleskopicheskikh-vil/,до 3 (горизонтальная) [B]
as-rs-p,AS-RS P,speed_loaded_ms,3,known,dealer,https://www.kiit.ru/product/avtomatizirovannyy-kran-shtabeler-dlya-pallet-s-1-komplektom-teleskopicheskikh-vil/,до 3 (горизонтальная) [B]
as-rs-p,AS-RS P,speed_vertical_ms,1,known,dealer,https://www.kiit.ru/product/avtomatizirovannyy-kran-shtabeler-dlya-pallet-s-1-komplektom-teleskopicheskikh-vil/,до 1 [B]
as-rs-p,AS-RS P,system_class,brs,known,dealer,https://www.kiit.ru/product/avtomatizirovannyy-kran-shtabeler-dlya-pallet-s-1-komplektom-teleskopicheskikh-vil/,brs
as-rs-p,AS-RS P,throughput,45,known,analogue,https://www.kiit.ru/product/avtomatizirovannyy-kran-shtabeler-dlya-pallet-s-1-komplektom-teleskopicheskikh-vil/,~45 [C]
as-rs-p,AS-RS P,throughput_unit,паллет/ч на кран,known,analogue,https://www.kiit.ru/product/avtomatizirovannyy-kran-shtabeler-dlya-pallet-s-1-komplektom-teleskopicheskikh-vil/,паллет/ч на кран (оценка по аналогу)
as-rs-p,AS-RS P,work_time_h,24,known,analogue,https://www.kiit.ru/product/avtomatizirovannyy-kran-shtabeler-dlya-pallet-s-1-komplektom-teleskopicheskikh-vil/,"24/7, питание от сети [C]"
belka,Белка,purpose,Компактная мобильная курьерская платформа для доставки от подъезда до двери.,known,dealer,,Компактная мобильная курьерская платформа для доставки от подъезда до двери.
belka,Белка,risks,"Р — в автоподбор не попадает, только как перспективное решение.",known,dealer,,"Р — в автоподбор не попадает, только как перспективное решение."
bespilotnyy-pogruzchik,Беспилотный погрузчик,infrastructure_req,устанавливается на механизированную тележку с электроприводом руля,known,vendor,https://mipt.ru/news/deshevo-i-bezopasno-uchenye-mfti-nauchili-robotov-orientirovatsya-po-potolku,устанавливается на механизированную тележку с электроприводом руля
bespilotnyy-pogruzchik,Беспилотный погрузчик,navigation,"потолочные оптические метки (код Хэмминга, достаточно 2 меток)",known,vendor,https://mipt.ru/news/deshevo-i-bezopasno-uchenye-mfti-nauchili-robotov-orientirovatsya-po-potolku,"навигация по потолочным оптическим меткам (код Хэмминга, достаточно 2 меток)"
bespilotnyy-pogruzchik,Беспилотный погрузчик,payload_kg,2000,known,vendor,https://mipt.ru/news/deshevo-i-bezopasno-uchenye-mfti-nauchili-robotov-orientirovatsya-po-potolku,Грузоподъёмность до 2000 кг
bespilotnyy-pogruzchik,Беспилотный погрузчик,purpose,"Модульный комплекс управления, устанавливаемый на существующую паллетную технику; камеры, лидара, голосовой ассистент.",known,vendor,https://mipt.ru/news/deshevo-i-bezopasno-uchenye-mfti-nauchili-robotov-orientirovatsya-po-potolku,"Модульный комплекс управления, устанавливаемый на существующую паллетную технику; камеры, лидара, голосовой ассистент."
bespilotnyy-tyagach-kognitiv-pilot,Беспилотный тягач,dimensions_mm,2700×1400×1600,known,dealer,https://www.comnews.ru/digital-economy/content/244546/2026-04-01/2026-w14/1012/aeroport-pulkovo-vnedrit-roevoy-ii,"габариты 2,7×1,4×1,6 м"
bespilotnyy-tyagach-kognitiv-pilot,Беспилотный тягач,mass_kg,970,known,dealer,https://www.comnews.ru/digital-economy/content/244546/2026-04-01/2026-w14/1012/aeroport-pulkovo-vnedrit-roevoy-ii,"масса ~970 кг (до 2,5 т по другим данным)"
bespilotnyy-tyagach-kognitiv-pilot,Беспилотный тягач,navigation,"4 камеры, радары, лидара; нейросетевая платформа Cognitive Pilot",known,dealer,https://www.comnews.ru/digital-economy/content/244546/2026-04-01/2026-w14/1012/aeroport-pulkovo-vnedrit-roevoy-ii,"4 камеры, радары, лидара; нейросетевая платформа Cognitive Pilot"
bespilotnyy-tyagach-kognitiv-pilot,Беспилотный тягач,payload_kg,3000,known,dealer,https://www.comnews.ru/digital-economy/content/244546/2026-04-01/2026-w14/1012/aeroport-pulkovo-vnedrit-roevoy-ii,Буксировка тележек общей массой ≥3 т
bespilotnyy-tyagach-kognitiv-pilot,Беспилотный тягач,purpose,Бескабинный электрический буксировщик с сенсорным комплексом для работы на перроне аэропорта.,known,dealer,https://www.comnews.ru/digital-economy/content/244546/2026-04-01/2026-w14/1012/aeroport-pulkovo-vnedrit-roevoy-ii,Бескабинный электрический буксировщик с сенсорным комплексом для работы на перроне аэропорта.
bespilotnyy-tyagach-kognitiv-pilot,Беспилотный тягач,speed_empty_ms,4.17,known,dealer,https://www.comnews.ru/digital-economy/content/244546/2026-04-01/2026-w14/1012/aeroport-pulkovo-vnedrit-roevoy-ii,скорость до 15 км/ч
bespilotnyy-tyagach-kognitiv-pilot,Беспилотный тягач,speed_loaded_ms,4.17,known,dealer,https://www.comnews.ru/digital-economy/content/244546/2026-04-01/2026-w14/1012/aeroport-pulkovo-vnedrit-roevoy-ii,скорость до 15 км/ч
cargo-unit,Cargo UNIT,payload_kg,300,known,dealer,,Грузоподъёмность до 300 кг
cargo-unit,Cargo UNIT,power_supply,электрическая,known,dealer,,Электрическая автономная платформа
cargo-unit,Cargo UNIT,purpose,Крупная низкая 4-колёсная грузовая платформа с открытой грузовой площадкой.,known,dealer,,Крупная низкая 4-колёсная грузовая платформа с открытой грузовой площадкой.
cargo-unit,Cargo UNIT,work_time_h,8,known,dealer,,автономная работа до 8 ч
d-operator-p,D. Operator P,accuracy_mm,±0.1 (повторяемость),known,dealer,https://www.kiit.ru/product/robototekhnicheskiy-kompleks-dikom-d-operator-p/,"±0,1 (повторяемость) [B]"
d-operator-p,D. Operator P,axes,6,known,dealer,https://www.kiit.ru/product/robototekhnicheskiy-kompleks-dikom-d-operator-p/,6 [B]
d-operator-p,D. Operator P,charge_time_h,,not_applicable,dealer,https://www.kiit.ru/product/robototekhnicheskiy-kompleks-dikom-d-operator-p/,не требуется (сетевое питание) [B]
d-operator-p,D. Operator P,charging_type,Сетевое питание 220 В,known,dealer,https://www.kiit.ru/product/robototekhnicheskiy-kompleks-dikom-d-operator-p/,Сетевое питание 220 В [B]
d-operator-p,D. Operator P,container_dimensions_mm,600×400×300,known,dealer,https://www.kiit.ru/product/robototekhnicheskiy-kompleks-dikom-d-operator-p/,600x400x300 [B]
d-operator-p,D. Operator P,container_type,Ящики KLT 600×400×300 при работе в связке с DMR 300 Carrier B,known,dealer,https://www.kiit.ru/product/robototekhnicheskiy-kompleks-dikom-d-operator-p/,Ящики KLT 600x400x300 при работе в связке с DMR 300 Carrier B [B]
d-operator-p,D. Operator P,dimensions_mm,830×1600×700,known,dealer,https://www.kiit.ru/product/robototekhnicheskiy-kompleks-dikom-d-operator-p/,"830x1600x700 (комплекс) [B, КИИТ]; радиус руки 1700 мм в карточке / 1800 мм у CS620 [B]"
d-operator-p,D. Operator P,enclosure,Indoor; IP54,known,dealer,https://www.kiit.ru/product/robototekhnicheskiy-kompleks-dikom-d-operator-p/,Indoor; IP54 [B]
d-operator-p,D. Operator P,infrastructure_req,Пристаночное размещение; работа без ограждений за счёт коллаборативности; тумба и крепление в комплекте (у линейки),known,dealer,https://www.kiit.ru/product/robototekhnicheskiy-kompleks-dikom-d-operator-p/,Пристаночное размещение; работа без ограждений за счёт коллаборативности; тумба и крепление в комплекте (у линейки) [B]
d-operator-p,D. Operator P,ip_rating,IP54,known,dealer,https://www.kiit.ru/product/robototekhnicheskiy-kompleks-dikom-d-operator-p/,"IP54 (комплекс, КИИТ) [B]; у самой руки CS620 вендор заявляет IP65 [C]"
d-operator-p,D. Operator P,mass_kg,64,known,dealer,https://www.kiit.ru/product/robototekhnicheskiy-kompleks-dikom-d-operator-p/,"64 (комплекс, КИИТ) [B]; рука Elite Robots CS620 ~60 кг [C]"
d-operator-p,D. Operator P,min_aisle_width_m,,not_applicable,dealer,https://www.kiit.ru/product/robototekhnicheskiy-kompleks-dikom-d-operator-p/,не применимо (стационарный)
d-operator-p,D. Operator P,navigation,Стационарная ячейка; коллаборативный 6-осевой робот,known,dealer,https://www.kiit.ru/product/robototekhnicheskiy-kompleks-dikom-d-operator-p/,Стационарная ячейка; коллаборативный 6-осевой робот [B]
d-operator-p,D. Operator P,payload_kg,20,known,dealer,https://www.kiit.ru/product/robototekhnicheskiy-kompleks-dikom-d-operator-p/,20 [B]
d-operator-p,D. Operator P,power_supply,220 В,known,dealer,https://www.kiit.ru/product/robototekhnicheskiy-kompleks-dikom-d-operator-p/,220 В [B]
d-operator-p,D. Operator P,power_watt,800,known,dealer,https://www.kiit.ru/product/robototekhnicheskiy-kompleks-dikom-d-operator-p/,800 [B]
d-operator-p,D. Operator P,price_includes,"от 9 400 000 ₽ у дилера КИИТ, в наличии. Комплекс: робот, тумба и крепление, оснастка (по аналогии с D.Operator B)",known,dealer,https://www.kiit.ru/product/robototekhnicheskiy-kompleks-dikom-d-operator-p/,"Цена_альт_источник: от 9 400 000 ₽ у дилера КИИТ, в наличии [B]. Что_входит_в_цену: Комплекс: робот, тумба и крепление, оснастка (по аналогии с D.Operator B — уточнить)"
d-operator-p,D. Operator P,purpose,"Робототехнический комплекс обеспечивают непрерывность работы станков (фрезерных, токарных, лазерных и т.д.)",known,dealer,https://www.kiit.ru/product/robototekhnicheskiy-kompleks-dikom-d-operator-p/,"Робототехнический комплекс обеспечивают непрерывность работы станков (фрезерных, токарных, лазерных и т.д.)"
d-operator-p,D. Operator P,reach_mm,1700,known,dealer,https://www.kiit.ru/product/robototekhnicheskiy-kompleks-dikom-d-operator-p/,радиус руки 1700 мм в карточке / 1800 мм у CS620 [B]; в расчёт закладывать 1700 как консерватив
d-operator-p,D. Operator P,ready_for_automatch,true,known,dealer,https://www.kiit.ru/product/robototekhnicheskiy-kompleks-dikom-d-operator-p/,"Да, с оговорками — нет цикла; основная задача не склад"
d-operator-p,D. Operator P,region,Санкт-Петербург,known,dealer,https://www.kiit.ru/product/robototekhnicheskiy-kompleks-dikom-d-operator-p/,Санкт-Петербург
d-operator-p,D. Operator P,risks,"Нет производительности в циклах/мин. ТТХ v1 были с младшей модели B — исправлено. Импорт руки CS620: сервис и запчасти. Заявленная окупаемость относится к станкам, не к складу.",known,dealer,https://www.kiit.ru/product/robototekhnicheskiy-kompleks-dikom-d-operator-p/,"Нет производительности в циклах/мин. ТТХ v1 были с младшей модели B — исправлено. Импорт руки CS620: сервис и запчасти. Заявленная окупаемость относится к станкам, не к складу."
d-operator-p,D. Operator P,software_integration,Единая система управления с АСХ ДиКом и AMR; ПО СУАС с API к WMS и ERP; система автоматизации WANLO,known,dealer,https://www.kiit.ru/product/robototekhnicheskiy-kompleks-dikom-d-operator-p/,Единая система управления с АСХ ДиКом и AMR; ПО СУАС с API к WMS и ERP; система автоматизации WANLO [B]
d-operator-p,D. Operator P,speed_empty_ms,2,known,dealer,https://www.kiit.ru/product/robototekhnicheskiy-kompleks-dikom-d-operator-p/,"2,0 [B]"
d-operator-p,D. Operator P,speed_loaded_ms,2,known,dealer,https://www.kiit.ru/product/robototekhnicheskiy-kompleks-dikom-d-operator-p/,"2,0 [B, карточка D.Operator P]"
d-operator-p,D. Operator P,system_class,brs,known,dealer,https://www.kiit.ru/product/robototekhnicheskiy-kompleks-dikom-d-operator-p/,brs
d-operator-p,D. Operator P,work_time_h,24,known,dealer,https://www.kiit.ru/product/robototekhnicheskiy-kompleks-dikom-d-operator-p/,"24/7, питание от сети [B]"
dmr-1200-gruzopodemnost-do-1-200-kg,DMR 1200,accuracy_mm,±5,known,dealer,https://www.kiit.ru/product/avtonomnyy-mobilnyy-robot-amr-dikom-dmr-1200/,точность ±5 мм
dmr-1200-gruzopodemnost-do-1-200-kg,DMR 1200,charge_time_h,2,known,dealer,https://www.kiit.ru/product/avtonomnyy-mobilnyy-robot-amr-dikom-dmr-1200/,зарядка 10–80% за 2 ч
dmr-1200-gruzopodemnost-do-1-200-kg,DMR 1200,dimensions_mm,1115×845×255,known,dealer,https://www.kiit.ru/product/avtonomnyy-mobilnyy-robot-amr-dikom-dmr-1200/,габариты 1115×845×255 мм
dmr-1200-gruzopodemnost-do-1-200-kg,DMR 1200,navigation,SLAM,known,dealer,https://www.kiit.ru/product/avtonomnyy-mobilnyy-robot-amr-dikom-dmr-1200/,SLAM-навигация
dmr-1200-gruzopodemnost-do-1-200-kg,DMR 1200,payload_kg,1200,known,dealer,https://www.kiit.ru/product/avtonomnyy-mobilnyy-robot-amr-dikom-dmr-1200/,Грузоподъёмность 1200 кг
dmr-1200-gruzopodemnost-do-1-200-kg,DMR 1200,purpose,"Низкая автономная тележка с подъёмно-поворотной платформой для перевозки тяжёлых стеллажей, тележек и паллет.",known,dealer,https://www.kiit.ru/product/avtonomnyy-mobilnyy-robot-amr-dikom-dmr-1200/,"Низкая автономная тележка с подъёмно-поворотной платформой для перевозки тяжёлых стеллажей, тележек и паллет."
dmr-1200-gruzopodemnost-do-1-200-kg,DMR 1200,speed_empty_ms,2,known,dealer,https://www.kiit.ru/product/avtonomnyy-mobilnyy-robot-amr-dikom-dmr-1200/,скорость до 2 м/с
dmr-1200-gruzopodemnost-do-1-200-kg,DMR 1200,speed_loaded_ms,2,known,dealer,https://www.kiit.ru/product/avtonomnyy-mobilnyy-robot-amr-dikom-dmr-1200/,скорость до 2 м/с
dmr-1200-gruzopodemnost-do-1-200-kg,DMR 1200,work_time_h,8,known,dealer,https://www.kiit.ru/product/avtonomnyy-mobilnyy-robot-amr-dikom-dmr-1200/,автономность 8 ч
dmr-300-carrier-b,DMR 300 Carrier B,charge_time_h,2,known,dealer,https://www.kiit.ru/product/avtonomnyy-mobilnyy-robot-dikom-dmr-300-carrier-b/,зарядка 2 ч
dmr-300-carrier-b,DMR 300 Carrier B,dimensions_mm,1200×800×1500,known,dealer,https://www.kiit.ru/product/avtonomnyy-mobilnyy-robot-dikom-dmr-300-carrier-b/,габариты 1200×800×1500 мм
dmr-300-carrier-b,DMR 300 Carrier B,ip_rating,IP54,known,dealer,https://www.kiit.ru/product/avtonomnyy-mobilnyy-robot-dikom-dmr-300-carrier-b/,IP54
dmr-300-carrier-b,DMR 300 Carrier B,mass_kg,150,known,dealer,https://www.kiit.ru/product/avtonomnyy-mobilnyy-robot-dikom-dmr-300-carrier-b/,масса 150 кг
dmr-300-carrier-b,DMR 300 Carrier B,navigation,SLAM (лидары и камеры),known,dealer,https://www.kiit.ru/product/avtonomnyy-mobilnyy-robot-dikom-dmr-300-carrier-b/,SLAM (лидары и камеры)
dmr-300-carrier-b,DMR 300 Carrier B,payload_kg,300,known,dealer,https://www.kiit.ru/product/avtonomnyy-mobilnyy-robot-dikom-dmr-300-carrier-b/,Грузоподъёмность до 300 кг
dmr-300-carrier-b,DMR 300 Carrier B,purpose,"AMR с двухъярусной надстройкой, вакуумным захватом и конвейером для автоматической загрузки/выгрузки пластиковых ящиков KLT.",known,dealer,https://www.kiit.ru/product/avtonomnyy-mobilnyy-robot-dikom-dmr-300-carrier-b/,"AMR с двухъярусной надстройкой, вакуумным захватом и конвейером для автоматической загрузки/выгрузки пластиковых ящиков KLT."
dmr-300-carrier-b,DMR 300 Carrier B,speed_empty_ms,1.5,known,dealer,https://www.kiit.ru/product/avtonomnyy-mobilnyy-robot-dikom-dmr-300-carrier-b/,"скорость до 1,5 м/с"
dmr-300-carrier-b,DMR 300 Carrier B,speed_loaded_ms,1.5,known,dealer,https://www.kiit.ru/product/avtonomnyy-mobilnyy-robot-dikom-dmr-300-carrier-b/,"скорость до 1,5 м/с"
dmr-300-carrier-b,DMR 300 Carrier B,work_time_h,8,known,dealer,https://www.kiit.ru/product/avtonomnyy-mobilnyy-robot-dikom-dmr-300-carrier-b/,автономность до 8 ч
dmr-600-gruzopodemnost-do-600-kg,DMR 600,accuracy_mm,±5,known,vendor,https://dikom-a.ru/product/dmr-600,точность ±5 мм
dmr-600-gruzopodemnost-do-600-kg,DMR 600,dimensions_mm,960×650×250,known,vendor,https://dikom-a.ru/product/dmr-600,габариты 960×650×250 мм
dmr-600-gruzopodemnost-do-600-kg,DMR 600,navigation,SLAM + QR-метки,known,vendor,https://dikom-a.ru/product/dmr-600,SLAM + QR-метки
dmr-600-gruzopodemnost-do-600-kg,DMR 600,payload_kg,600,known,vendor,https://dikom-a.ru/product/dmr-600,Грузоподъёмность 600 кг
dmr-600-gruzopodemnost-do-600-kg,DMR 600,purpose,"Компактная AMR-тележка с подъёмно-поворотной платформой; рассчитана на автоматическую транспортировку поддонов, тележек и стеллажей.",known,vendor,https://dikom-a.ru/product/dmr-600,"Компактная AMR-тележка с подъёмно-поворотной платформой; рассчитана на автоматическую транспортировку поддонов, тележек и стеллажей."
dmr-600-gruzopodemnost-do-600-kg,DMR 600,speed_empty_ms,2,known,vendor,https://dikom-a.ru/product/dmr-600,скорость до 2 м/с
dmr-600-gruzopodemnost-do-600-kg,DMR 600,speed_loaded_ms,2,known,vendor,https://dikom-a.ru/product/dmr-600,скорость до 2 м/с
dmr-600-gruzopodemnost-do-600-kg,DMR 600,work_time_h,8,known,vendor,https://dikom-a.ru/product/dmr-600,автономность 8 ч
dmr-carrier-p,DMR Carrier P,lift_height_mm,1600,known,dealer,https://www.kiit.ru/product/avtonomnyy-robot-shtabeler-dikom-dmr-carrier-p-fmr-robot-dlya-pallet-1-5-t/,высота подъёма 1600 мм
dmr-carrier-p,DMR Carrier P,navigation,SLAM на лидарах без магнитных лент,known,dealer,https://www.kiit.ru/product/avtonomnyy-robot-shtabeler-dikom-dmr-carrier-p-fmr-robot-dlya-pallet-1-5-t/,SLAM-навигация на лидарах без магнитных лент
dmr-carrier-p,DMR Carrier P,payload_kg,1500,known,dealer,https://www.kiit.ru/product/avtonomnyy-robot-shtabeler-dikom-dmr-carrier-p-fmr-robot-dlya-pallet-1-5-t/,Грузоподъёмность 1500 кг
dmr-carrier-p,DMR Carrier P,purpose,Колёсный автономный FMR с вилочным подъёмником для горизонтального и вертикального перемещения паллет.,known,dealer,https://www.kiit.ru/product/avtonomnyy-robot-shtabeler-dikom-dmr-carrier-p-fmr-robot-dlya-pallet-1-5-t/,Колёсный автономный FMR с вилочным подъёмником для горизонтального и вертикального перемещения паллет.
dmr-carrier-p,DMR Carrier P,speed_empty_ms,1.5,known,dealer,https://www.kiit.ru/product/avtonomnyy-robot-shtabeler-dikom-dmr-carrier-p-fmr-robot-dlya-pallet-1-5-t/,"скорость 1,5 м/с"
dmr-carrier-p,DMR Carrier P,speed_loaded_ms,1.5,known,dealer,https://www.kiit.ru/product/avtonomnyy-robot-shtabeler-dikom-dmr-carrier-p-fmr-robot-dlya-pallet-1-5-t/,"скорость 1,5 м/с"
dmr-carrier-p,DMR Carrier P,work_time_h,10,known,dealer,https://www.kiit.ru/product/avtonomnyy-robot-shtabeler-dikom-dmr-carrier-p-fmr-robot-dlya-pallet-1-5-t/,автономность до 10 ч
evocargo-n1,EVOCARGO N1,charging_type,зарядка от 220 В,known,dealer,https://mintrans.gov.ru/press-center/branch-news/3446,зарядка от 220 В
evocargo-n1,EVOCARGO N1,container_type,европаллет,known,dealer,https://mintrans.gov.ru/press-center/branch-news/3446,до 6 европаллет
evocargo-n1,EVOCARGO N1,dimensions_mm,5000×1800×2200,known,dealer,https://mintrans.gov.ru/press-center/branch-news/3446,"габариты ~5×1,8×2,2 м"
evocargo-n1,EVOCARGO N1,navigation,"автопилот 5-го поколения; мультисенсорная система (оптика, ультразвук)",known,dealer,https://mintrans.gov.ru/press-center/branch-news/3446,"автопилот 5-го поколения; мультисенсорная система (оптика, ультразвук)"
evocargo-n1,EVOCARGO N1,payload_kg,2000,known,dealer,https://mintrans.gov.ru/press-center/branch-news/3446,Грузоподъёмность 2 т
evocargo-n1,EVOCARGO N1,power_supply,220 В,known,dealer,https://mintrans.gov.ru/press-center/branch-news/3446,зарядка от 220 В
evocargo-n1,EVOCARGO N1,purpose,Бескабинный электрический грузовик без руля и педалей для закрытых территорий предприятий и логцентров.,known,dealer,https://mintrans.gov.ru/press-center/branch-news/3446,Бескабинный электрический грузовик без руля и педалей для закрытых территорий предприятий и логцентров.
evocargo-n1,EVOCARGO N1,speed_empty_ms,6.25,known,dealer,https://mintrans.gov.ru/press-center/branch-news/3446,скорость до 20–25 км/ч
evocargo-n1,EVOCARGO N1,speed_loaded_ms,6.25,known,dealer,https://mintrans.gov.ru/press-center/branch-news/3446,скорость до 20–25 км/ч
inventarizator-ai-stock-counter-12m,Инвентаризатор AI Stock Counter 12M,charging_type,Автоматическая зарядка робота; опционально питание от погрузчика-тягача (крепление под вилы),known,dealer,https://neurus.ru/projects/inventory,"Автоматическая зарядка робота [B, Automacon]; опционально питание от погрузчика-тягача (крепление под вилы) [A, B]"
inventarizator-ai-stock-counter-12m,Инвентаризатор AI Stock Counter 12M,container_type,Паллеты с QR-кодами и бар-кодами на упаковках,known,vendor,https://neurus.ru/projects/inventory,Паллеты с QR-кодами и бар-кодами на упаковках [A]
inventarizator-ai-stock-counter-12m,Инвентаризатор AI Stock Counter 12M,enclosure,"Indoor, склад с адресным хранением",known,vendor,https://neurus.ru/projects/inventory,"Indoor, склад с адресным хранением [A]"
inventarizator-ai-stock-counter-12m,Инвентаризатор AI Stock Counter 12M,infrastructure_req,QR-маркировка ячеек и паллетомест; вилочный погрузчик или паллетоперевозчик как тягач (в основании предусмотрено крепление под любой вилочный погрузчик); работа без остановки склада,known,vendor,https://neurus.ru/projects/inventory,"QR-маркировка ячеек и паллетомест; вилочный погрузчик или паллетоперевозчик как тягач (в основании предусмотрено крепление под любой вилочный погрузчик); работа без остановки склада [A, B]"
inventarizator-ai-stock-counter-12m,Инвентаризатор AI Stock Counter 12M,lift_height_mm,12000,known,dealer,https://neurus.ru/projects/inventory,"мачта 5 секций, подъём до 12 000 мм [B]"
inventarizator-ai-stock-counter-12m,Инвентаризатор AI Stock Counter 12M,navigation,"Компьютерное зрение, камеры, дополнительная подсветка; AI-видеоаналитика на нейросетях",known,vendor,https://neurus.ru/projects/inventory,"Компьютерное зрение, камеры, дополнительная подсветка; AI-видеоаналитика на нейросетях [A]"
inventarizator-ai-stock-counter-12m,Инвентаризатор AI Stock Counter 12M,payload_kg,,not_applicable,vendor,https://neurus.ru/projects/inventory,не применимо (не перевозит груз)
inventarizator-ai-stock-counter-12m,Инвентаризатор AI Stock Counter 12M,purpose,"Специализированный российский робот-инвентаризатор, разработанный группой компаний «Автомакон». Комплекс создан для автоматического высоковысотного пересчета и верификации паллетных грузов на складах и в крупных распределительных центрах. Главное отличие этого комплекса от робота Яндекса — полуавтономный или гибридный форм-фактор. Робот не имеет собственного самоходного полноприводного шасси, а выполнен в виде мобильной базы-вышки. Она легко перемещается обычной ручной рохлей, вилочным погрузчик",known,vendor,https://neurus.ru/projects/inventory,"Специализированный российский робот-инвентаризатор, разработанный группой компаний «Автомакон». Комплекс создан для автоматического высоковысотного пересчета и верификации паллетных грузов на складах и в крупных распределительных центрах.  Главное отличие этого комплекса от робота Яндекса — полуавтономный или гибридный форм-фактор. Робот не имеет собственного самоходного полноприводного шасси, а выполнен в виде мобильной базы-вышки. Она легко перемещается обычной ручной рохлей, вилочным погрузчик"
inventarizator-ai-stock-counter-12m,Инвентаризатор AI Stock Counter 12M,ready_for_automatch,true,known,vendor,https://neurus.ru/projects/inventory,Да
inventarizator-ai-stock-counter-12m,Инвентаризатор AI Stock Counter 12M,region,Москва,known,vendor,https://neurus.ru/projects/inventory,Москва
inventarizator-ai-stock-counter-12m,Инвентаризатор AI Stock Counter 12M,risks,Автономность всего 2 ч — для полной смены нужен тягач или подзарядка; требуется QR-маркировка ячеек и паллетомест (затраты на подготовку склада); температура и габариты неизвестны,known,vendor,https://neurus.ru/projects/inventory,Автономность всего 2 ч — для полной смены нужен тягач или подзарядка; требуется QR-маркировка ячеек и паллетомест (затраты на подготовку склада); нет данных о температуре и габаритах
inventarizator-ai-stock-counter-12m,Инвентаризатор AI Stock Counter 12M,software_integration,"Интеграция с WMS; собственное ПО (резидент «Сколково»), разработано под проект и совместимо с существующими складскими системами",known,vendor,https://neurus.ru/projects/inventory,"Интеграция с WMS; собственное ПО (резидент «Сколково»), разработано под проект и совместимо с существующими складскими системами [A, B]"
inventarizator-ai-stock-counter-12m,Инвентаризатор AI Stock Counter 12M,speed_empty_ms,0.4,known,vendor,https://neurus.ru/projects/inventory,"средняя 0,4 [A, Neurus]; максимальная 0,6 [B, Automacon]"
inventarizator-ai-stock-counter-12m,Инвентаризатор AI Stock Counter 12M,speed_loaded_ms,,not_applicable,vendor,https://neurus.ru/projects/inventory,не применимо (груз не перевозит)
inventarizator-ai-stock-counter-12m,Инвентаризатор AI Stock Counter 12M,system_class,brs,known,vendor,https://neurus.ru/projects/inventory,brs
inventarizator-ai-stock-counter-12m,Инвентаризатор AI Stock Counter 12M,throughput,12600,known,vendor,https://neurus.ru/projects/inventory,от 12 600 [A]
inventarizator-ai-stock-counter-12m,Инвентаризатор AI Stock Counter 12M,throughput_unit,ячеек/ч сканирования,known,vendor,https://neurus.ru/projects/inventory,ячеек/ч сканирования
inventarizator-ai-stock-counter-12m,Инвентаризатор AI Stock Counter 12M,work_time_h,2,known,vendor,https://neurus.ru/projects/inventory,2 (без подключения внешнего питания) [A]
klinbotiks-400-pro,Клинботикс 400 PRO,charge_time_h,1,known,vendor,https://waybotrobotics.com/models/400pro,зарядка 1 ч
klinbotiks-400-pro,Клинботикс 400 PRO,dimensions_mm,676×560×744,known,vendor,https://waybotrobotics.com/models/400pro,Габариты 676×560×744 мм
klinbotiks-400-pro,Клинботикс 400 PRO,mass_kg,50,known,vendor,https://waybotrobotics.com/models/400pro,масса 50 кг
klinbotiks-400-pro,Клинботикс 400 PRO,min_aisle_width_m,0.75,known,vendor,https://waybotrobotics.com/models/400pro,мин. проход 75 см
klinbotiks-400-pro,Клинботикс 400 PRO,navigation,LiDAR + камеры,known,vendor,https://waybotrobotics.com/models/400pro,LiDAR + камеры
klinbotiks-400-pro,Клинботикс 400 PRO,purpose,Компактный 4-в-1 робот-клинер для влажной и сухой уборки в стеснённых помещениях.,known,vendor,https://waybotrobotics.com/models/400pro,Компактный 4-в-1 робот-клинер для влажной и сухой уборки в стеснённых помещениях.
klinbotiks-400-pro,Клинботикс 400 PRO,throughput,950,known,vendor,https://waybotrobotics.com/models/400pro,скорость уборки 700–1200 м²/ч
klinbotiks-400-pro,Клинботикс 400 PRO,throughput_unit,м²/ч,known,vendor,https://waybotrobotics.com/models/400pro,скорость уборки 700–1200 м²/ч
klinbotiks-400-pro,Клинботикс 400 PRO,work_time_h,3,known,vendor,https://waybotrobotics.com/models/400pro,автономность 3 ч
klinbotiks-600,Клинботикс 600,charge_time_h,1.5,known,vendor,https://waybotrobotics.com/models/600,зарядка 1–2 ч
klinbotiks-600,Клинботикс 600,dimensions_mm,750×700×1000,known,vendor,https://waybotrobotics.com/models/600,Габариты 750×700×1000 мм
klinbotiks-600,Клинботикс 600,mass_kg,140,known,vendor,https://waybotrobotics.com/models/600,масса 140 кг
klinbotiks-600,Клинботикс 600,min_aisle_width_m,0.75,known,vendor,https://waybotrobotics.com/models/600,мин. проход 750 мм
klinbotiks-600,Клинботикс 600,purpose,Крупная самоходная поломоечная машина с дисковыми щётками для промышленных и общественных пространств.,known,vendor,https://waybotrobotics.com/models/600,Крупная самоходная поломоечная машина с дисковыми щётками для промышленных и общественных пространств.
klinbotiks-600,Клинботикс 600,risks,Пороги до 5 см.,known,vendor,https://waybotrobotics.com/models/600,пороги до 5 см
klinbotiks-600,Клинботикс 600,throughput,1650,known,vendor,https://waybotrobotics.com/models/600,скорость уборки 1000–2300 м²/ч
klinbotiks-600,Клинботикс 600,throughput_unit,м²/ч,known,vendor,https://waybotrobotics.com/models/600,скорость уборки 1000–2300 м²/ч
klinbotiks-600,Клинботикс 600,work_time_h,4.5,known,vendor,https://waybotrobotics.com/models/600,автономность 4–5 ч
legat-patrol,Легат Патрол,purpose,Колёсная промышленная платформа с крупными колёсами и бортовым измерительным/сенсорным оборудованием.,known,dealer,,Колёсная промышленная платформа с крупными колёсами и бортовым измерительным/сенсорным оборудованием.
mark-2-se,MARK 2 SE,charge_time_h,2,known,vendor,https://r2b.company/mark2se,зарядка ~2 ч
mark-2-se,MARK 2 SE,charging_type,автоматическая станция зарядки и смены воды,known,vendor,https://r2b.company/mark2se,автоматической станцией зарядки и смены воды
mark-2-se,MARK 2 SE,dimensions_mm,860×610×980,known,vendor,https://r2b.company/mark2se,Габариты 860×610×980 мм
mark-2-se,MARK 2 SE,mass_kg,130,known,vendor,https://r2b.company/mark2se,масса ~130 кг
mark-2-se,MARK 2 SE,navigation,3D LiDAR + 3D-камера,known,vendor,https://r2b.company/mark2se,3D LiDAR + 3D-камера
mark-2-se,MARK 2 SE,power_supply,LiFePO4 100 А·ч,known,vendor,https://r2b.company/mark2se,LiFePO4 100 А·ч
mark-2-se,MARK 2 SE,purpose,Компактная самоходная поломоечная машина с автоматической станцией зарядки и смены воды.,known,vendor,https://r2b.company/mark2se,Компактная самоходная поломоечная машина с автоматической станцией зарядки и смены воды.
mark-2-se,MARK 2 SE,throughput,1400,known,vendor,https://r2b.company/mark2se,производительность до 1000–1800 м²/ч
mark-2-se,MARK 2 SE,throughput_unit,м²/ч,known,vendor,https://r2b.company/mark2se,производительность до 1000–1800 м²/ч
mark-2-se,MARK 2 SE,work_time_h,4.5,known,vendor,https://r2b.company/mark2se,работа до 3–6 ч
model-a12-1450,Модель А12-1450,accuracy_mm,±0.05 (повторяемость),known,dealer,https://vrm.group/robots/ejdos-a12-1450-3/,"±0,05 (повторяемость) [B]"
model-a12-1450,Модель А12-1450,axes,6,known,dealer,https://vrm.group/robots/ejdos-a12-1450-3/,6 [B]
model-a12-1450,Модель А12-1450,charge_time_h,,not_applicable,analogue,https://vrm.group/robots/ejdos-a12-1450-3/,не требуется (сетевое питание) [C]
model-a12-1450,Модель А12-1450,charging_type,"Сетевое питание 220 В, 50 Гц, 16 А",known,dealer,https://vrm.group/robots/ejdos-a12-1450-3/,"Сетевое питание 220 В, 50 Гц, 16 А [B]"
model-a12-1450,Модель А12-1450,container_type,"Короба, штучный товар (через захват)",known,analogue,https://vrm.group/robots/ejdos-a12-1450-3/,"Короба, штучный товар (через захват) [C]"
model-a12-1450,Модель А12-1450,enclosure,Indoor; IP51; только напольное крепление,known,dealer,https://vrm.group/robots/ejdos-a12-1450-3/,"Indoor; IP51; только напольное крепление [B, VRM]"
model-a12-1450,Модель А12-1450,humidity_max_pct,75,known,dealer,https://vrm.group/robots/ejdos-a12-1450-3/,"75, без конденсата [B]"
model-a12-1450,Модель А12-1450,infrastructure_req,Только напольное крепление; питание 220 В; ограждение рабочей зоны. Настенное/подвесное — не подтверждено (это было с А25),known,dealer,https://vrm.group/robots/ejdos-a12-1450-3/,Только напольное крепление; питание 220 В; ограждение рабочей зоны. Настенное/подвесное — не подтверждено (это было с А25) [B]
model-a12-1450,Модель А12-1450,ip_rating,IP51,known,dealer,https://vrm.group/robots/ejdos-a12-1450-3/,IP51 [B]
model-a12-1450,Модель А12-1450,mass_kg,160,known,dealer,https://vrm.group/robots/ejdos-a12-1450-3/,"160 [B, VRM]"
model-a12-1450,Модель А12-1450,min_aisle_width_m,,not_applicable,dealer,https://vrm.group/robots/ejdos-a12-1450-3/,не применимо (стационарный)
model-a12-1450,Модель А12-1450,navigation,"Стационарный, программирование на Python, ПО ER BOX",known,dealer,https://vrm.group/robots/ejdos-a12-1450-3/,"Стационарный, программирование на Python, ПО ER BOX [B]"
model-a12-1450,Модель А12-1450,payload_kg,12,known,dealer,https://vrm.group/robots/ejdos-a12-1450-3/,12 (масса полезной нагрузки) [B]
model-a12-1450,Модель А12-1450,power_supply,"220 В, 50 Гц, 16 А",known,dealer,https://vrm.group/robots/ejdos-a12-1450-3/,"220 В, 50 Гц, 16 А [B]"
model-a12-1450,Модель А12-1450,price_includes,ДУБЛЬ В КАТАЛОГЕ: та же модель указана дважды — 2 000 000 и 2 500 000 ₽ (альтернативные комплектации). Цены у вендора запрашиваются индивидуально по e-mail,known,vendor,https://vrm.group/robots/ejdos-a12-1450-3/,ДУБЛЬ В КАТАЛОГЕ: та же модель указана дважды — 2 000 000 и 2 500 000 ₽ (альтернативные комплектации) [A]. Цены у вендора запрашиваются индивидуально по e-mail [A]
model-a12-1450,Модель А12-1450,purpose,"Промышленный робот в реестре МПТ РФ, субсидируемая скидка до 50%.",known,dealer,https://vrm.group/robots/ejdos-a12-1450-3/,"Промышленный робот в реестре МПТ РФ, субсидируемая скидка до 50%."
model-a12-1450,Модель А12-1450,reach_mm,1450,known,dealer,https://vrm.group/robots/ejdos-a12-1450-3/,рабочий радиус 1450 мм [B]
model-a12-1450,Модель А12-1450,ready_for_automatch,true,known,dealer,https://vrm.group/robots/ejdos-a12-1450-3/,"Да, с оговорками — нет цикла; складской сценарий слабый"
model-a12-1450,Модель А12-1450,region,Республика Татарстан,known,dealer,https://vrm.group/robots/ejdos-a12-1450-3/,Республика Татарстан
model-a12-1450,Модель А12-1450,risks,"Модель чаще позиционируется под сварку и образование, а не под склад. Нет времени цикла. Без захвата в цене.",known,dealer,https://vrm.group/robots/ejdos-a12-1450-3/,"Модель чаще позиционируется под сварку и образование, а не под склад. Нет времени цикла. Без захвата в цене."
model-a12-1450,Модель А12-1450,software_integration,"ПО ER BOX, язык Python",known,dealer,https://vrm.group/robots/ejdos-a12-1450-3/,"ПО ER BOX, язык Python [B]"
model-a12-1450,Модель А12-1450,system_class,brs,known,dealer,https://vrm.group/robots/ejdos-a12-1450-3/,brs
model-a12-1450,Модель А12-1450,temp_max_c,40,known,dealer,https://vrm.group/robots/ejdos-a12-1450-3/,"40 [B, VRM]"
model-a12-1450,Модель А12-1450,temp_min_c,10,known,dealer,https://vrm.group/robots/ejdos-a12-1450-3/,"10 [B, VRM]"
model-a12-1450,Модель А12-1450,warranty,1 год,known,dealer,https://vrm.group/robots/ejdos-a12-1450-3/,1 год [B]
model-a12-1450,Модель А12-1450,work_time_h,24,known,analogue,https://vrm.group/robots/ejdos-a12-1450-3/,"24/7, питание от сети [C]"
model-a25-1720,Модель А25-1720,accuracy_mm,±0.05 (повторяемость),known,dealer,https://eidos-robotics.ru/robot,"±0,05 (повторяемость) [B]"
model-a25-1720,Модель А25-1720,axes,6,known,dealer,https://eidos-robotics.ru/robot,6 [B]
model-a25-1720,Модель А25-1720,charge_time_h,,not_applicable,analogue,https://eidos-robotics.ru/robot,не требуется (сетевое питание) [C]
model-a25-1720,Модель А25-1720,charging_type,"Сетевое питание 380 В, 50 Гц, 25 А",known,dealer,https://eidos-robotics.ru/robot,"Сетевое питание 380 В, 50 Гц, 25 А [B]"
model-a25-1720,Модель А25-1720,container_type,"Короба, ящики, штучный товар (через захват)",known,analogue,https://eidos-robotics.ru/robot,"Короба, ящики, штучный товар (через захват) [C]"
model-a25-1720,Модель А25-1720,enclosure,"Indoor; IP40, запястье IP65",known,dealer,https://eidos-robotics.ru/robot,"Indoor; IP40, запястье IP65 [B]"
model-a25-1720,Модель А25-1720,humidity_max_pct,75,known,dealer,https://eidos-robotics.ru/robot,"75, кратко до 95, без конденсата [B]"
model-a25-1720,Модель А25-1720,infrastructure_req,"Напольное, настенное или подвесное крепление; питание 380 В; пневмолиния 1-канальная Ø10 мм; сигнальная линия 18 проводов + заземление; ограждение рабочей зоны",known,dealer,https://eidos-robotics.ru/robot,"Напольное, настенное или подвесное крепление; питание 380 В; пневмолиния 1-канальная Ø10 мм; сигнальная линия 18 проводов + заземление; ограждение рабочей зоны [B]"
model-a25-1720,Модель А25-1720,ip_rating,"IP40 корпус, IP65 запястье",known,dealer,https://eidos-robotics.ru/robot,"IP40 корпус, IP65 запястье [B]"
model-a25-1720,Модель А25-1720,mass_kg,235,known,dealer,https://eidos-robotics.ru/robot,235 [B]
model-a25-1720,Модель А25-1720,min_aisle_width_m,,not_applicable,dealer,https://eidos-robotics.ru/robot,не применимо (стационарный)
model-a25-1720,Модель А25-1720,navigation,"Стационарный, программирование на Python, ПО ER BOX",known,dealer,https://eidos-robotics.ru/robot,"Стационарный, программирование на Python, ПО ER BOX [B]"
model-a25-1720,Модель А25-1720,payload_kg,25,known,dealer,https://eidos-robotics.ru/robot,25 (нагрузка на запястье) [B]
model-a25-1720,Модель А25-1720,power_supply,"380 В, 50 Гц, 25 А",known,dealer,https://eidos-robotics.ru/robot,"380 В, 50 Гц, 25 А [B]"
model-a25-1720,Модель А25-1720,price_includes,ДУБЛЬ В КАТАЛОГЕ: та же модель указана дважды — 2 000 000 и 2 500 000 ₽ (альтернативные комплектации). Цены у вендора запрашиваются индивидуально по e-mail,known,vendor,https://eidos-robotics.ru/robot,ДУБЛЬ В КАТАЛОГЕ: та же модель указана дважды — 2 000 000 и 2 500 000 ₽ (альтернативные комплектации) [A]. Цены у вендора запрашиваются индивидуально по e-mail [A]
model-a25-1720,Модель А25-1720,purpose,Робот повышенной грузоподъемности для погрузки-разгрузки и сборки.,known,vendor,https://eidos-robotics.ru/robot,Робот повышенной грузоподъемности для погрузки-разгрузки и сборки.
model-a25-1720,Модель А25-1720,reach_mm,1718,known,dealer,https://eidos-robotics.ru/robot,рабочий радиус 1718 мм [B]
model-a25-1720,Модель А25-1720,ready_for_automatch,true,known,vendor,https://eidos-robotics.ru/robot,"Да, с оговорками — нет времени цикла, складской кейс не основной"
model-a25-1720,Модель А25-1720,region,Республика Татарстан,known,vendor,https://eidos-robotics.ru/robot,Республика Татарстан
model-a25-1720,Модель А25-1720,risks,"Производительность в циклах/мин неизвестна — главный параметр расчёта; захват и оснастка в цену, вероятно, не входят; требуется ограждение; это промышленный манипулятор, не складской GTP-робот",known,dealer,https://eidos-robotics.ru/robot,"Нет данных о производительности (циклов/мин) — главный параметр расчёта; захват и оснастка в цену, вероятно, не входят; требуется ограждение; это промышленный манипулятор, не складской GTP-робот"
model-a25-1720,Модель А25-1720,service_regulation,полный сервис производителя,known,dealer,https://eidos-robotics.ru/robot,полный сервис производителя [B]
model-a25-1720,Модель А25-1720,software_integration,"Собственное ПО ER BOX, язык Python; ПО управляет и роботами импортного производства",known,dealer,https://eidos-robotics.ru/robot,"Собственное ПО ER BOX, язык Python; ПО управляет и роботами импортного производства [B]"
model-a25-1720,Модель А25-1720,system_class,brs,known,vendor,https://eidos-robotics.ru/robot,brs
model-a25-1720,Модель А25-1720,temp_max_c,45,known,dealer,https://eidos-robotics.ru/robot,45 [B]
model-a25-1720,Модель А25-1720,temp_min_c,0,known,dealer,https://eidos-robotics.ru/robot,0 [B]
model-a25-1720,Модель А25-1720,warranty,1 год,known,dealer,https://eidos-robotics.ru/robot,1 год [B]
model-a25-1720,Модель А25-1720,work_time_h,24,known,analogue,https://eidos-robotics.ru/robot,"24/7, питание от сети [C]"
mule,MULE,charging_type,автоматическая зарядка,known,vendor,https://sm-robotics.ru/,автоматическая зарядка
mule,MULE,navigation,SLAM,known,vendor,https://sm-robotics.ru/,SLAM-навигация
mule,MULE,payload_kg,1500,known,vendor,https://sm-robotics.ru/,Грузоподъёмность 1500 кг
mule,MULE,purpose,Компактный колёсный автономный палетоперевозчик с вилочным модулем и системой управления флотом.,known,vendor,https://sm-robotics.ru/,Компактный колёсный автономный палетоперевозчик с вилочным модулем и системой управления флотом.
mule,MULE,software_integration,управление флотом M-CONTROL с интеграцией WMS,known,vendor,https://sm-robotics.ru/,управление флотом M-CONTROL с интеграцией WMS
mule,MULE,speed_empty_ms,1.3,known,vendor,https://sm-robotics.ru/,"скорость 1,3 м/с"
mule,MULE,speed_loaded_ms,1.3,known,vendor,https://sm-robotics.ru/,"скорость 1,3 м/с"
pallet-shuttle,Pallet Shuttle,battery_swap_min,15,known,dealer,https://www.stelkon.ru/catalog/palletnye-stellazhi/pallet/,15 [B]
pallet-shuttle,Pallet Shuttle,charge_time_h,4,known,dealer,https://www.stelkon.ru/catalog/palletnye-stellazhi/pallet/,4 [B]
pallet-shuttle,Pallet Shuttle,charging_type,"Внешнее ЗУ, зарядного на борту нет",known,dealer,https://www.stelkon.ru/catalog/palletnye-stellazhi/pallet/,"Внешнее ЗУ, зарядного на борту нет [B]"
pallet-shuttle,Pallet Shuttle,container_dimensions_mm,1200×800,known,vendor,https://www.stelkon.ru/catalog/palletnye-stellazhi/pallet/,1200x800 [A]
pallet-shuttle,Pallet Shuttle,container_type,"EUR-паллета, до 3 типоразмеров",known,vendor,https://www.stelkon.ru/catalog/palletnye-stellazhi/pallet/,"EUR-паллета, до 3 типоразмеров [A]"
pallet-shuttle,Pallet Shuttle,deployment_time,производство стеллажей от 20 календарных дней,known,vendor,https://www.stelkon.ru/catalog/palletnye-stellazhi/pallet/,производство стеллажей от 20 календарных дней [A]
pallet-shuttle,Pallet Shuttle,dimensions_mm,1200×800×200,known,dealer,https://www.stelkon.ru/catalog/palletnye-stellazhi/pallet/,1200x800x200 [B]
pallet-shuttle,Pallet Shuttle,enclosure,"Indoor, в т.ч. холодильные и морозильные склады",known,vendor,https://www.stelkon.ru/catalog/palletnye-stellazhi/pallet/,"Indoor, в т.ч. холодильные и морозильные склады [A]. Морозильное_исполнение_C: -35 [A] (ниже temp_min_c = -30, основной минимум заполнен — в temp_min_c не подставлялось)."
pallet-shuttle,Pallet Shuttle,infrastructure_req,Канальные стеллажи с рельсами; шаттл ставится в канал погрузчиком; освещение зоны не требуется,known,vendor,https://www.stelkon.ru/catalog/palletnye-stellazhi/pallet/,Канальные стеллажи с рельсами; шаттл ставится в канал погрузчиком; освещение зоны не требуется [A]
pallet-shuttle,Pallet Shuttle,mass_kg,230,known,dealer,https://www.stelkon.ru/catalog/palletnye-stellazhi/pallet/,"от 230 (типичный radio shuttle) [B, WH Systems]"
pallet-shuttle,Pallet Shuttle,navigation,"Движение по рельсам канала, радиоуправление",known,vendor,https://www.stelkon.ru/catalog/palletnye-stellazhi/pallet/,"Движение по рельсам канала, радиоуправление [A]"
pallet-shuttle,Pallet Shuttle,not_to_confuse_with,"3D-шаттл STELKON (собственная разработка 2025): 1500 кг, 0,8 м/с, АКБ 120 Ah, зарядка 60 мин, −25…+40 °C, лифт 2500 кг / 0,25 м/с / до 6 м. Это другой продукт, не radio shuttle.",known,vendor,https://www.stelkon.ru/catalog/palletnye-stellazhi/pallet/,"3D-шаттл STELKON (собственная разработка 2025): 1500 кг, 0,8 м/с, АКБ 120 Ah, зарядка 60 мин, −25…+40 °C, лифт 2500 кг / 0,25 м/с / до 6 м. Это другой продукт, не radio shuttle."
pallet-shuttle,Pallet Shuttle,payload_kg,1500,known,vendor,https://www.stelkon.ru/catalog/palletnye-stellazhi/pallet/,1500 [A]
pallet-shuttle,Pallet Shuttle,price_includes,28 000 EUR за тележку без опций,known,dealer,https://www.stelkon.ru/catalog/palletnye-stellazhi/pallet/,28 000 EUR за тележку без опций [B]
pallet-shuttle,Pallet Shuttle,purpose,Система складского хранения с высокой плотностью.,known,vendor,https://www.stelkon.ru/catalog/palletnye-stellazhi/pallet/,Система складского хранения с высокой плотностью.
pallet-shuttle,Pallet Shuttle,ready_for_automatch,true,known,vendor,https://www.stelkon.ru/catalog/palletnye-stellazhi/pallet/,"Да, с оговорками — ТТХ тележки с аналога, стеллажи [A]"
pallet-shuttle,Pallet Shuttle,region,Московская область,known,vendor,https://www.stelkon.ru/catalog/palletnye-stellazhi/pallet/,Московская область
pallet-shuttle,Pallet Shuttle,risks,"Импорт шаттла из Швеции: сроки поставки и сервис; нужен оператор с пультом; ТТХ скорости/АКБ сняты с аналога, не с паспорта Stelkon; легко спутать с 3D-шаттлом STELKON",known,dealer,https://www.stelkon.ru/catalog/palletnye-stellazhi/pallet/,"Импорт шаттла из Швеции: сроки поставки и сервис; нужен оператор с пультом; ТТХ скорости/АКБ сняты с аналога [B], не с паспорта Stelkon; легко спутать с 3D-шаттлом STELKON"
pallet-shuttle,Pallet Shuttle,software_integration,Команды от WMS/ERP заказчика или ручной графический интерфейс,known,vendor,https://www.stelkon.ru/catalog/palletnye-stellazhi/pallet/,Команды от WMS/ERP заказчика или ручной графический интерфейс [A]
pallet-shuttle,Pallet Shuttle,speed_empty_ms,0.9,known,dealer,https://www.stelkon.ru/catalog/palletnye-stellazhi/pallet/,"0,90 [B]"
pallet-shuttle,Pallet Shuttle,speed_loaded_ms,0.75,known,dealer,https://www.stelkon.ru/catalog/palletnye-stellazhi/pallet/,"0,75 [B]"
pallet-shuttle,Pallet Shuttle,system_class,brs,known,vendor,https://www.stelkon.ru/catalog/palletnye-stellazhi/pallet/,brs
pallet-shuttle,Pallet Shuttle,temp_max_c,40,known,dealer,https://www.stelkon.ru/catalog/palletnye-stellazhi/pallet/,40 [B]
pallet-shuttle,Pallet Shuttle,temp_min_c,-30,known,dealer,https://www.stelkon.ru/catalog/palletnye-stellazhi/pallet/,-30 [B]
pallet-shuttle,Pallet Shuttle,throughput,100,known,dealer,https://www.stelkon.ru/catalog/palletnye-stellazhi/pallet/,80-120 [B]
pallet-shuttle,Pallet Shuttle,throughput_unit,паллет/ч на канал,known,dealer,https://www.stelkon.ru/catalog/palletnye-stellazhi/pallet/,паллет/ч на канал
pallet-shuttle,Pallet Shuttle,warranty,стеллажи 36 мес.; металлическая мебель 24 мес.,known,vendor,https://www.stelkon.ru/catalog/palletnye-stellazhi/pallet/,стеллажи 36 мес.; металлическая мебель 24 мес. [A]
pallet-shuttle,Pallet Shuttle,work_time_h,20,known,dealer,https://www.stelkon.ru/catalog/palletnye-stellazhi/pallet/,20 [B]
robot-gorodovoy,Робот Городовой,infrastructure_req,уклон до 30°; ступень до 25 см; брод до 40 см,known,dealer,,уклон до 30°; ступень до 25 см; брод до 40 см
robot-gorodovoy,Робот Городовой,mass_kg,320,known,dealer,,масса 320 кг
robot-gorodovoy,Робот Городовой,payload_kg,50,known,dealer,,полезная нагрузка до 50 кг
robot-gorodovoy,Робот Городовой,purpose,"Крупный колёсный охранный робот с высокой мачтой для камер, системой освещения/оповещения и автоматической зарядкой.",known,dealer,,"Крупный колёсный охранный робот с высокой мачтой для камер, системой освещения/оповещения и автоматической зарядкой."
robot-gorodovoy,Робот Городовой,speed_empty_ms,3.33,known,dealer,,скорость 6–18 км/ч
robot-gorodovoy,Робот Городовой,speed_loaded_ms,3.33,known,dealer,,скорость 6–18 км/ч
robot-gorodovoy,Робот Городовой,temp_max_c,45,known,dealer,,−30…+45 °C
robot-gorodovoy,Робот Городовой,temp_min_c,-30,known,dealer,,−30…+45 °C
robot-gorodovoy,Робот Городовой,work_time_h,72,known,dealer,,автономное патрулирование до 3 суток
robot-inventarizator,Робот инвентаризатор,container_type,"Паллеты и упаковки с QR-кодами, в т.ч. крупногабаритный товар",known,vendor,https://robotics.yandex.ru/robotizatsiya-sklada,"Паллеты и упаковки с QR-кодами, в т.ч. крупногабаритный товар [A]"
robot-inventarizator,Робот инвентаризатор,dimensions_mm,2000×1000,known,dealer,https://robotics.yandex.ru/robotizatsiya-sklada,платформа ~2000x1000 (Spectro «телега 2 на 1 м») + мачта до 12 500 [B]
robot-inventarizator,Робот инвентаризатор,enclosure,"Indoor, высотные стеллажные склады",known,vendor,https://robotics.yandex.ru/robotizatsiya-sklada,"Indoor, высотные стеллажные склады [A]"
robot-inventarizator,Робот инвентаризатор,infrastructure_req,QR-маркировка; установка без изменений инфраструктуры склада,known,vendor,https://robotics.yandex.ru/robotizatsiya-sklada,QR-маркировка; установка без изменений инфраструктуры склада [A]
robot-inventarizator,Робот инвентаризатор,lift_height_mm,12500,known,vendor,https://robotics.yandex.ru/robotizatsiya-sklada,"12,5 (раздвижная мачта) [A]; мачта до 12 500 [B]"
robot-inventarizator,Робот инвентаризатор,navigation,"Лидар, ультразвуковые сенсоры, камеры; автономное безопасное движение рядом с людьми",known,vendor,https://robotics.yandex.ru/robotizatsiya-sklada,"Лидар, ультразвуковые сенсоры, камеры; автономное безопасное движение рядом с людьми [A]"
robot-inventarizator,Робот инвентаризатор,payload_kg,,not_applicable,vendor,https://robotics.yandex.ru/robotizatsiya-sklada,не применимо (не перевозит груз)
robot-inventarizator,Робот инвентаризатор,price_includes,Вендор предлагает модель подписки (робот по подписке / RaaS); публичных ставок нет,known,dealer,https://robotics.yandex.ru/robotizatsiya-sklada,Вендор предлагает модель подписки (робот по подписке / RaaS); публичных ставок нет [B]
robot-inventarizator,Робот инвентаризатор,purpose,Автономное мобильное решение для полностью автоматического учета и сверки паллетных грузов на крупных складах.,known,vendor,https://robotics.yandex.ru/robotizatsiya-sklada,Автономное мобильное решение для полностью автоматического учета и сверки паллетных грузов на крупных складах.
robot-inventarizator,Робот инвентаризатор,raas_available,true,known,dealer,https://robotics.yandex.ru/robotizatsiya-sklada,Да — вендор развивает подписочную модель на роботов и ПО [B]
robot-inventarizator,Робот инвентаризатор,ready_for_automatch,true,known,vendor,https://robotics.yandex.ru/robotizatsiya-sklada,"Да, с оговорками — производительность диапазоном 20–30 тыс., не одной цифрой"
robot-inventarizator,Робот инвентаризатор,region,Москва,known,vendor,https://robotics.yandex.ru/robotizatsiya-sklada,Москва
robot-inventarizator,Робот инвентаризатор,risks,Маркетинговые 30 000 vs практика 20–22 тыс. Нет публичной автономности и точных габаритов серийной машины (цифры Spectro). Цена каталога может не отражать RaaS.,known,vendor,https://robotics.yandex.ru/robotizatsiya-sklada,Маркетинговые 30 000 vs практика 20–22 тыс. Нет публичной автономности и точных габаритов серийной машины (цифры Spectro). Цена каталога может не отражать RaaS.
robot-inventarizator,Робот инвентаризатор,software_integration,"Интеграция через API с WMS и ERP; Yandex Robotics Platform (управление роботами разных вендоров, без vendor lock)",known,vendor,https://robotics.yandex.ru/robotizatsiya-sklada,"Интеграция через API с WMS и ERP; Yandex Robotics Platform (управление роботами разных вендоров, без vendor lock) [A]"
robot-inventarizator,Робот инвентаризатор,speed_empty_ms,1,known,dealer,https://robotics.yandex.ru/robotizatsiya-sklada,"~1,0 (целевая/рабочая, блог команды Spectro) [B]"
robot-inventarizator,Робот инвентаризатор,system_class,brs,known,vendor,https://robotics.yandex.ru/robotizatsiya-sklada,brs
robot-inventarizator,Робот инвентаризатор,throughput,30000,known,vendor,https://robotics.yandex.ru/robotizatsiya-sklada,"до 30 000 палето-мест/ч [A, сайт вендора]; практика Spectro (Софьино) ~20–22 тыс. мест/ч [B]"
robot-inventarizator,Робот инвентаризатор,throughput_unit,палето-мест/ч,known,vendor,https://robotics.yandex.ru/robotizatsiya-sklada,палето-мест/ч
robot-komplektovschik,Робот-комплектовщик,axes,6,known,dealer,https://habr.com/ru/companies/yandex/articles/938728/,6 (UR10) [B]
robot-komplektovschik,Робот-комплектовщик,container_type,"Короба разного размера, укладка на паллету",known,dealer,https://habr.com/ru/companies/yandex/articles/938728/,"Короба разного размера, укладка на паллету [B]"
robot-komplektovschik,Робот-комплектовщик,deployment_time,пилоты на складах ритейлеров до конца 2026; серия с 2027,known,dealer,https://habr.com/ru/companies/yandex/articles/938728/,пилоты на складах ритейлеров до конца 2026; серия с 2027 [B]
robot-komplektovschik,Робот-комплектовщик,enclosure,"Indoor, складские помещения",known,dealer,https://habr.com/ru/companies/yandex/articles/938728/,"Indoor, складские помещения [B]"
robot-komplektovschik,Робот-комплектовщик,infrastructure_req,Интеграция с платформой Yandex RMS; склад с проездами для мобильной платформы,known,dealer,https://habr.com/ru/companies/yandex/articles/938728/,Интеграция с платформой Yandex RMS; склад с проездами для мобильной платформы [B]
robot-komplektovschik,Робот-комплектовщик,navigation,"Автономная навигация, компьютерное зрение (камеры и датчики глубины), платформа Yandex RMS",known,dealer,https://habr.com/ru/companies/yandex/articles/938728/,"Автономная навигация, компьютерное зрение (камеры и датчики глубины), платформа Yandex RMS [B]"
robot-komplektovschik,Робот-комплектовщик,payload_kg,7,known,dealer,https://habr.com/ru/companies/yandex/articles/938728/,"до 7 на текущем прототипе; цель 15–20 [B, Habr, команда Яндекс Роботикс]"
robot-komplektovschik,Робот-комплектовщик,ready_for_automatch,false,known,dealer,https://habr.com/ru/companies/yandex/articles/938728/,"Нет — статус «разработка», не серия"
robot-komplektovschik,Робот-комплектовщик,region,Москва,known,dealer,https://habr.com/ru/companies/yandex/articles/938728/,Москва
robot-komplektovschik,Робот-комплектовщик,risks,"Прототип, статус rnd, УГТ 7. Нет серийных ТТХ. Рука UR10 — импорт. В автоподбор не включать, показывать как перспективное.",known,dealer,https://habr.com/ru/companies/yandex/articles/938728/,"Прототип, статус rnd, УГТ 7. Нет серийных ТТХ. Рука UR10 — импорт. В автоподбор не включать, показывать как перспективное."
robot-komplektovschik,Робот-комплектовщик,software_integration,"Yandex RMS: расчёт маршрута, задачи, укладка коробов по принципу «тетриса» с помощью ИИ",known,dealer,https://habr.com/ru/companies/yandex/articles/938728/,"Yandex RMS: расчёт маршрута, задачи, укладка коробов по принципу «тетриса» с помощью ИИ [B]"
robot-komplektovschik,Робот-комплектовщик,speed_loaded_ms,1.2,known,analogue,https://habr.com/ru/companies/yandex/articles/938728/,"«в темпе человека» (около 1,2 м/с) [C]"
robot-komplektovschik,Робот-комплектовщик,system_class,brs,known,dealer,https://habr.com/ru/companies/yandex/articles/938728/,brs
robot-komplektovschik,Робот-комплектовщик,throughput,10,known,dealer,https://habr.com/ru/companies/yandex/articles/938728/,"заявка вендора — до 10 т за 12-часовую смену [B, Коммерсант]; коробов/ч нет"
robot-komplektovschik,Робот-комплектовщик,throughput_unit,т/смену,known,dealer,https://habr.com/ru/companies/yandex/articles/938728/,т/смену (заявка); коробов/ч нет
robot-shtabeler-robocv,Робот-штабелёр RoboCV,accuracy_mm,±30,known,vendor,https://robocv.ru/robot-shtabelyor,точность навигации 3 см
robot-shtabeler-robocv,Робот-штабелёр RoboCV,dimensions_mm,2100×1100×3000,known,vendor,https://robocv.ru/robot-shtabelyor,"габариты 2,1×1,1×3 м"
robot-shtabeler-robocv,Робот-штабелёр RoboCV,lift_height_mm,7000,known,vendor,https://robocv.ru/robot-shtabelyor,подъём до 7 м
robot-shtabeler-robocv,Робот-штабелёр RoboCV,mass_kg,1200,known,vendor,https://robocv.ru/robot-shtabelyor,масса 1200 кг
robot-shtabeler-robocv,Робот-штабелёр RoboCV,payload_kg,1400,known,vendor,https://robocv.ru/robot-shtabelyor,Грузоподъёмность 1400 кг
robot-shtabeler-robocv,Робот-штабелёр RoboCV,power_supply,Li-Ion/Pb АКБ,known,vendor,https://robocv.ru/robot-shtabelyor,Li-Ion/Pb АКБ
robot-shtabeler-robocv,Робот-штабелёр RoboCV,purpose,Автономный вилочный штабелёр на базе системы X-MOTION с техническим зрением и адаптивным поведением.,known,vendor,https://robocv.ru/robot-shtabelyor,Автономный вилочный штабелёр на базе системы X-MOTION с техническим зрением и адаптивным поведением.
robot-shtabeler-robocv,Робот-штабелёр RoboCV,software_integration,WMS/ERP через X-MOTION Cloud,known,vendor,https://robocv.ru/robot-shtabelyor,интеграция с WMS/ERP через X-MOTION Cloud
robot-shtabeler-robocv,Робот-штабелёр RoboCV,speed_empty_ms,2,known,vendor,https://robocv.ru/robot-shtabelyor,скорость до 2 м/с
robot-shtabeler-robocv,Робот-штабелёр RoboCV,speed_loaded_ms,2,known,vendor,https://robocv.ru/robot-shtabelyor,скорость до 2 м/с
robot-tyagach-robocv,Робот-тягач RoboCV,accuracy_mm,±50,known,vendor,https://robocv.ru/robot-tyagach,точность навигации 5 см
robot-tyagach-robocv,Робот-тягач RoboCV,dimensions_mm,1600×800×2200,known,vendor,https://robocv.ru/robot-tyagach,"габариты 1,6×0,8×2,2 м"
robot-tyagach-robocv,Робот-тягач RoboCV,mass_kg,1220,known,vendor,https://robocv.ru/robot-tyagach,масса 1220 кг
robot-tyagach-robocv,Робот-тягач RoboCV,payload_kg,5000,known,vendor,https://robocv.ru/robot-tyagach,Грузоподъёмность (состав тележек) до 5000 кг
robot-tyagach-robocv,Робот-тягач RoboCV,power_supply,Li-Ion/Pb АКБ,known,vendor,https://robocv.ru/robot-tyagach,Li-Ion/Pb АКБ
robot-tyagach-robocv,Робот-тягач RoboCV,purpose,Компактная колёсная буксирующая платформа для составов из нескольких прицепов-тележек.,known,vendor,https://robocv.ru/robot-tyagach,Компактная колёсная буксирующая платформа для составов из нескольких прицепов-тележек.
robot-tyagach-robocv,Робот-тягач RoboCV,speed_empty_ms,2.2,known,vendor,https://robocv.ru/robot-tyagach,"скорость до 2,2 м/с (7,9 км/ч)"
robot-tyagach-robocv,Робот-тягач RoboCV,speed_loaded_ms,2.2,known,vendor,https://robocv.ru/robot-tyagach,"скорость до 2,2 м/с (7,9 км/ч)"
robotizirovannaya-sistema-patrulirovaniya-i-ohrany,Роботизированная система патрулирования и охраны (вариант «Безопасность»),connectivity,дистанционный контроль,known,dealer,,дистанционный контроль
robotizirovannaya-sistema-patrulirovaniya-i-ohrany,Роботизированная система патрулирования и охраны (вариант «Безопасность»),navigation,Автономное патрулирование; видеонаблюдение и компьютерная аналитика; навигация по территории аэродрома,known,dealer,,Автономное патрулирование; видеонаблюдение и компьютерная аналитика; навигация по территории аэродрома
robotizirovannaya-sistema-patrulirovaniya-i-ohrany,Роботизированная система патрулирования и охраны (вариант «Транспорт»),not_to_confuse_with,Роботизированная система патрулирования и охраны (вариант «Безопасность»),known,dealer,,альтернативная комплектация / отраслевая привязка той же позиции каталога
robotizirovannaya-sistema-patrulirovaniya-i-ohrany,Роботизированная система патрулирования и охраны (вариант «Безопасность»),purpose,Колёсная роботизированная платформа с комплексом камер и навигационных датчиков для аэродромной стоянки.,known,dealer,,Колёсная роботизированная платформа с комплексом камер и навигационных датчиков для аэродромной стоянки.
robotizirovannaya-sistema-patrulirovaniya-i-ohrany,Роботизированная система патрулирования и охраны (вариант «Транспорт»),risks,Альтернативная комплектация / отраслевая привязка той же позиции каталога (аэропорт Жуковский).,known,dealer,,Тот же кейс (аэропорт Жуковский); альтернативная комплектация / отраслевая привязка той же позиции каталога.
ronavi-h1500-gruzopodemnost-do-1-500-kg,Ronavi H1500,dimensions_mm,1044×654×380,known,vendor,https://ronavi-robotics.ru/catalogue/h1500,габариты 1044×654×380 мм
ronavi-h1500-gruzopodemnost-do-1-500-kg,Ronavi H1500,mass_kg,250,known,vendor,https://ronavi-robotics.ru/catalogue/h1500,масса 250 кг
ronavi-h1500-gruzopodemnost-do-1-500-kg,Ronavi H1500,min_aisle_width_m,0.75,known,vendor,https://ronavi-robotics.ru/catalogue/h1500,мин. проезд 750 мм
ronavi-h1500-gruzopodemnost-do-1-500-kg,Ronavi H1500,navigation,QR-метки + SLAM,known,vendor,https://ronavi-robotics.ru/catalogue/h1500,навигация QR-метки + SLAM
ronavi-h1500-gruzopodemnost-do-1-500-kg,Ronavi H1500,payload_kg,1500,known,vendor,https://ronavi-robotics.ru/catalogue/h1500,Грузоподъёмность до 1500 кг
ronavi-h1500-gruzopodemnost-do-1-500-kg,Ronavi H1500,purpose,"Низкопрофильная всенаправленная колёсная AMR-платформа для подхвата и перевозки паллет, тележек, стеллажей и конвейерных модулей.",known,vendor,https://ronavi-robotics.ru/catalogue/h1500,"Низкопрофильная всенаправленная колёсная AMR-платформа для подхвата и перевозки паллет, тележек, стеллажей и конвейерных модулей."
ronavi-h1500-gruzopodemnost-do-1-500-kg,Ronavi H1500,speed_empty_ms,1.5,known,vendor,https://ronavi-robotics.ru/catalogue/h1500,"скорость до 1,5 м/с"
ronavi-h1500-gruzopodemnost-do-1-500-kg,Ronavi H1500,speed_loaded_ms,1.5,known,vendor,https://ronavi-robotics.ru/catalogue/h1500,"скорость до 1,5 м/с"
ronavi-h1500-gruzopodemnost-do-1-500-kg,Ronavi H1500,work_time_h,10,known,vendor,https://ronavi-robotics.ru/catalogue/h1500,автономность до 10 ч
ronavi-h2000-gruzopodemnost-do-2-000-kg,Ronavi H2000,dimensions_mm,1540×990×250,known,vendor,https://ronavi-robotics.ru/catalogue/h2000,габариты 1540×990×250 мм
ronavi-h2000-gruzopodemnost-do-2-000-kg,Ronavi H2000,mass_kg,320,known,vendor,https://ronavi-robotics.ru/catalogue/h2000,масса 320 кг
ronavi-h2000-gruzopodemnost-do-2-000-kg,Ronavi H2000,min_aisle_width_m,1.19,known,vendor,https://ronavi-robotics.ru/catalogue/h2000,мин. проезд 1190 мм
ronavi-h2000-gruzopodemnost-do-2-000-kg,Ronavi H2000,navigation,QR-метки + SLAM,known,vendor,https://ronavi-robotics.ru/catalogue/h2000,QR-метки + SLAM
ronavi-h2000-gruzopodemnost-do-2-000-kg,Ronavi H2000,payload_kg,2000,known,vendor,https://ronavi-robotics.ru/catalogue/h2000,Грузоподъёмность 2000 кг
ronavi-h2000-gruzopodemnost-do-2-000-kg,Ronavi H2000,purpose,Низкая автономная платформа увеличенной площади для тяжёлых производственных грузов и компенсации конвейерных разрывов.,known,vendor,https://ronavi-robotics.ru/catalogue/h2000,Низкая автономная платформа увеличенной площади для тяжёлых производственных грузов и компенсации конвейерных разрывов.
ronavi-h2000-gruzopodemnost-do-2-000-kg,Ronavi H2000,speed_empty_ms,1,known,vendor,https://ronavi-robotics.ru/catalogue/h2000,скорость до 1 м/с
ronavi-h2000-gruzopodemnost-do-2-000-kg,Ronavi H2000,speed_loaded_ms,1,known,vendor,https://ronavi-robotics.ru/catalogue/h2000,скорость до 1 м/с
ronavi-h2000-gruzopodemnost-do-2-000-kg,Ronavi H2000,work_time_h,10,known,vendor,https://ronavi-robotics.ru/catalogue/h2000,автономность до 10 ч
ronavi-m-gruzopodemnost-do-1200-kg,Ronavi M,dimensions_mm,960×660×335,known,vendor,https://ronavi-robotics.ru/catalogue/m,габариты 960×660×335 мм
ronavi-m-gruzopodemnost-do-1200-kg,Ronavi M,mass_kg,200,known,vendor,https://ronavi-robotics.ru/catalogue/m,масса 200 кг
ronavi-m-gruzopodemnost-do-1200-kg,Ronavi M,min_aisle_width_m,0.76,known,vendor,https://ronavi-robotics.ru/catalogue/m,мин. проезд 760 мм
ronavi-m-gruzopodemnost-do-1200-kg,Ronavi M,navigation,QR-метки + SLAM,known,vendor,https://ronavi-robotics.ru/catalogue/m,QR-метки + SLAM
ronavi-m-gruzopodemnost-do-1200-kg,Ronavi M,payload_kg,1200,known,vendor,https://ronavi-robotics.ru/catalogue/m,Грузоподъёмность 1200 кг
ronavi-m-gruzopodemnost-do-1200-kg,Ronavi M,purpose,Компактный напольный робот-тележка с подъёмно-поворотным узлом для перевозки мобильных стеллажей и паллет по схеме goods-to-person.,known,vendor,https://ronavi-robotics.ru/catalogue/m,Компактный напольный робот-тележка с подъёмно-поворотным узлом для перевозки мобильных стеллажей и паллет по схеме goods-to-person.
ronavi-m-gruzopodemnost-do-1200-kg,Ronavi M,speed_empty_ms,2.5,known,vendor,https://ronavi-robotics.ru/catalogue/m,"скорость до 2,5 м/с"
ronavi-m-gruzopodemnost-do-1200-kg,Ronavi M,speed_loaded_ms,2.5,known,vendor,https://ronavi-robotics.ru/catalogue/m,"скорость до 2,5 м/с"
ronavi-m-gruzopodemnost-do-1200-kg,Ronavi M,work_time_h,8,known,vendor,https://ronavi-robotics.ru/catalogue/m,автономность до 8 ч
ronavi-sd-gruzopodemnost-do-10-kg,Ronavi SD,dimensions_mm,420×400×200,known,vendor,https://ronavi-robotics.ru/catalogue/sd,габариты 420×400×200 мм
ronavi-sd-gruzopodemnost-do-10-kg,Ronavi SD,mass_kg,20,known,vendor,https://ronavi-robotics.ru/catalogue/sd,масса 20 кг
ronavi-sd-gruzopodemnost-do-10-kg,Ronavi SD,min_aisle_width_m,0.5,known,vendor,https://ronavi-robotics.ru/catalogue/sd,мин. проезд 500 мм
ronavi-sd-gruzopodemnost-do-10-kg,Ronavi SD,navigation,QR-навигация,known,vendor,https://ronavi-robotics.ru/catalogue/sd,QR-навигация
ronavi-sd-gruzopodemnost-do-10-kg,Ronavi SD,payload_kg,10,known,vendor,https://ronavi-robotics.ru/catalogue/sd,Грузоподъёмность 10 кг
ronavi-sd-gruzopodemnost-do-10-kg,Ronavi SD,purpose,Низкая компактная мобильная платформа с откидной крышкой для подиумной сортировки и перемещения мелких грузов внутри склада.,known,vendor,https://ronavi-robotics.ru/catalogue/sd,Низкая компактная мобильная платформа с откидной крышкой для подиумной сортировки и перемещения мелких грузов внутри склада.
ronavi-sd-gruzopodemnost-do-10-kg,Ronavi SD,speed_empty_ms,2.5,known,vendor,https://ronavi-robotics.ru/catalogue/sd,"скорость до 2,5 м/с"
ronavi-sd-gruzopodemnost-do-10-kg,Ronavi SD,speed_loaded_ms,2.5,known,vendor,https://ronavi-robotics.ru/catalogue/sd,"скорость до 2,5 м/с"
ronavi-sd-gruzopodemnost-do-10-kg,Ronavi SD,work_time_h,10,known,vendor,https://ronavi-robotics.ru/catalogue/sd,автономность до 10 ч
ronavi-sr-gruzopodemnost-do-50-kg,Ronavi SR,dimensions_mm,590×810×870,known,vendor,https://ronavi-robotics.ru/catalogue/sr,габариты 590×810×870 мм
ronavi-sr-gruzopodemnost-do-50-kg,Ronavi SR,lift_height_mm,600,known,vendor,https://ronavi-robotics.ru/catalogue/sr,высота рольганга 200–1000 мм
ronavi-sr-gruzopodemnost-do-50-kg,Ronavi SR,mass_kg,80,known,vendor,https://ronavi-robotics.ru/catalogue/sr,масса 80 кг
ronavi-sr-gruzopodemnost-do-50-kg,Ronavi SR,navigation,QR-навигация,known,vendor,https://ronavi-robotics.ru/catalogue/sr,QR-навигация
ronavi-sr-gruzopodemnost-do-50-kg,Ronavi SR,payload_kg,50,known,vendor,https://ronavi-robotics.ru/catalogue/sr,Грузоподъёмность 50 кг
ronavi-sr-gruzopodemnost-do-50-kg,Ronavi SR,purpose,"Компактный AMR с верхним рольгангом/конвейером для внутрискладской подачи и сортировки коробов, посылок и штучных грузов.",known,vendor,https://ronavi-robotics.ru/catalogue/sr,"Компактный AMR с верхним рольгангом/конвейером для внутрискладской подачи и сортировки коробов, посылок и штучных грузов."
ronavi-sr-gruzopodemnost-do-50-kg,Ronavi SR,speed_empty_ms,3,known,vendor,https://ronavi-robotics.ru/catalogue/sr,скорость до 3 м/с
ronavi-sr-gruzopodemnost-do-50-kg,Ronavi SR,speed_loaded_ms,3,known,vendor,https://ronavi-robotics.ru/catalogue/sr,скорость до 3 м/с
ronavi-sr-gruzopodemnost-do-50-kg,Ronavi SR,work_time_h,16,known,vendor,https://ronavi-robotics.ru/catalogue/sr,автономность до 16 ч
rover-dlya-raboty-s-gruzovymi-vagonami,Ровер для работы с грузовыми вагонами,purpose,"Гусеничная/рельсовая промышленная платформа с манипулятором, модулем технического зрения и связи.",known,vendor,https://niias.ru/products-and-services/services/robotizatsiya/robotizatsiya-tekhnologicheskikh-protsessov-tekhnicheskogo-obsluzhivaniya-poezdov-na-stantsii/,"Гусеничная/рельсовая промышленная платформа с манипулятором, модулем технического зрения и связи."
rover-dlya-raboty-s-gruzovymi-vagonami,Ровер для работы с грузовыми вагонами,risks,Только для ж/д складов и сортировочных станций.,known,vendor,https://niias.ru/products-and-services/services/robotizatsiya/robotizatsiya-tekhnologicheskikh-protsessov-tekhnicheskogo-obsluzhivaniya-poezdov-na-stantsii/,Только для ж/д складов и сортировочных станций
rover-dlya-raboty-s-gruzovymi-vagonami,Ровер для работы с грузовыми вагонами,temp_max_c,45,known,vendor,https://niias.ru/products-and-services/services/robotizatsiya/robotizatsiya-tekhnologicheskikh-protsessov-tekhnicheskogo-obsluzhivaniya-poezdov-na-stantsii/,температурный диапазон −45…+45 °C
rover-dlya-raboty-s-gruzovymi-vagonami,Ровер для работы с грузовыми вагонами,temp_min_c,-45,known,vendor,https://niias.ru/products-and-services/services/robotizatsiya/robotizatsiya-tekhnologicheskikh-protsessov-tekhnicheskogo-obsluzhivaniya-poezdov-na-stantsii/,температурный диапазон −45…+45 °C
rubi-s-03,РУБИ-С-03,charge_time_h,3.5,known,vendor,https://robo.ooo/rubi_s,"зарядка 3,5 ч"
rubi-s-03,РУБИ-С-03,charging_type,док-станция автоматической смены воды,known,vendor,https://robo.ooo/rubi_s,док-станцией автоматической смены воды
rubi-s-03,РУБИ-С-03,dimensions_mm,1160×580×1210,known,vendor,https://robo.ooo/rubi_s,Габариты 1160×580×1210 мм
rubi-s-03,РУБИ-С-03,mass_kg,198,known,vendor,https://robo.ooo/rubi_s,масса 198 кг (267 кг заправленный)
rubi-s-03,РУБИ-С-03,power_supply,LiFePO4,known,vendor,https://robo.ooo/rubi_s,LiFePO4
rubi-s-03,РУБИ-С-03,purpose,Средний профессиональный робот-поломойщик с док-станцией автоматической смены воды.,known,vendor,https://robo.ooo/rubi_s,Средний профессиональный робот-поломойщик с док-станцией автоматической смены воды.
rubi-s-03,РУБИ-С-03,throughput,1750,known,vendor,https://robo.ooo/rubi_s,производительность 1000–2500 м²/ч
rubi-s-03,РУБИ-С-03,throughput_unit,м²/ч,known,vendor,https://robo.ooo/rubi_s,производительность 1000–2500 м²/ч
rubi-s-03,РУБИ-С-03,work_time_h,10,known,vendor,https://robo.ooo/rubi_s,"автономность до 10 ч (ECO) / 3,5 ч (комплекс)"
semabot-gruzopodemnost-do-1-500-kg,Сёмабот,charging_type,беспроводная зарядка,known,vendor,https://semargl.pro/equipment/agv-roboty-syemabot/,бортовая АКБ с беспроводной зарядкой
semabot-gruzopodemnost-do-1-500-kg,Сёмабот,navigation,SLAM (техническое зрение) или по Data-matrix меткам,known,vendor,https://semargl.pro/equipment/agv-roboty-syemabot/,навигация SLAM (техническое зрение) или по Data-matrix меткам
semabot-gruzopodemnost-do-1-500-kg,Сёмабот,payload_kg,1500,known,vendor,https://semargl.pro/equipment/agv-roboty-syemabot/,Версия до 1500 кг
semabot-gruzopodemnost-do-1-500-kg,Сёмабот,purpose,"Компактная маневренная мобильная платформа с модульной оснасткой для тарно-штучных грузов — ящиков, паллет и стеллажей.",known,vendor,https://semargl.pro/equipment/agv-roboty-syemabot/,"Компактная маневренная мобильная платформа с модульной оснасткой для тарно-штучных грузов — ящиков, паллет и стеллажей."
smartcube,SmartCube,charge_time_h,4,known,vendor,https://arobosys.ru/robot,4 [A]
smartcube,SmartCube,charging_type,"Зарядные станции на поле; робот подъезжает сам при пороге заряда, без участия человека",known,vendor,https://arobosys.ru/robot,"Зарядные станции на поле; робот подъезжает сам при пороге заряда, без участия человека [A, FAQ /robot]"
smartcube,SmartCube,container_dimensions_mm,"600×400, высота 220–420 (комбинируются)",known,vendor,https://arobosys.ru/robot,"600x400, высота 220-420 (комбинируются) [A]"
smartcube,SmartCube,container_type,Ящик EC-64,known,vendor,https://arobosys.ru/robot,Ящик EC-64 [A]
smartcube,SmartCube,deployment_time,монтаж шахт без тяжёлой техники; ~2 недели на 300 м²,known,vendor,https://arobosys.ru/robot,монтаж шахт без тяжёлой техники; ~2 недели на 300 м² [A]
smartcube,SmartCube,enclosure,"Indoor, отапливаемое помещение",known,vendor,https://arobosys.ru/robot,"Indoor, отапливаемое помещение [A]"
smartcube,SmartCube,floor_load_kg_m2,2000,known,vendor,https://arobosys.ru/robot,2000 [A]
smartcube,SmartCube,infrastructure_req,Алюминиевые модульные шахты под форму помещения; рабочие станции 2 м²; освещение роботам не нужно,known,vendor,https://arobosys.ru/robot,Алюминиевые модульные шахты под форму помещения; рабочие станции 2 м²; освещение роботам не нужно [A]
smartcube,SmartCube,lifetime_years,25,known,vendor,https://arobosys.ru/robot,25 (шахты) [A]
smartcube,SmartCube,mass_kg,130,known,vendor,https://arobosys.ru/robot,130 без ящика [A]
smartcube,SmartCube,min_aisle_width_m,,not_applicable,vendor,https://arobosys.ru/robot,не требуется — проходов между стеллажами нет [A]
smartcube,SmartCube,navigation,Рельсовая 2D-сетка над шахтами + бортовые датчики,known,vendor,https://arobosys.ru/robot,Рельсовая 2D-сетка над шахтами + бортовые датчики [A]
smartcube,SmartCube,payload_kg,30,known,vendor,https://arobosys.ru/robot,30 (вес ящика) [A]
smartcube,SmartCube,power_watt,100,known,vendor,https://arobosys.ru/robot,"100 Вт робот [A]; 300 Вт станция [A] (у вендора «300 Ватт в час» = мощность, не Вт·ч)"
smartcube,SmartCube,purpose,"Флагманская роботизированная система кубического хранения, разработанная отечественной компанией ARS Smart Robotics (основана выпускниками МГТУ им. Баумана в 2016 году). Это первая и единственная в России и СНГ автоматизированная система такого типа, которая конкурирует с мировыми аналогами (например, AutoStore).",known,vendor,https://arobosys.ru/robot,"Флагманская роботизированная система кубического хранения, разработанная отечественной компанией ARS Smart Robotics (основана выпускниками МГТУ им. Баумана в 2016 году). Это первая и единственная в России и СНГ автоматизированная система такого типа, которая конкурирует с мировыми аналогами (например, AutoStore)."
smartcube,SmartCube,ready_for_automatch,true,known,vendor,https://arobosys.ru/robot,Да
smartcube,SmartCube,region,Москва,known,vendor,https://arobosys.ru/robot,Москва
smartcube,SmartCube,risks,"Температура робота и ящика от 0 °C — не для холодных зон (у шахт на /mines заявлено −20 °C, у робота 0 °C — ориентироваться на робота). Нагрузка на ящик 30 кг — не для паллет. Скорость в тексте 2,1 м/с, в блоке ТТХ 2,7 м/с.",known,vendor,https://arobosys.ru/robot,"Температура робота и ящика от 0 °C — не для холодных зон (у шахт на /mines заявлено −20 °C, у робота 0 °C — ориентироваться на робота). Нагрузка на ящик 30 кг — не для паллет. Скорость в тексте 2,1 м/с, в блоке ТТХ 2,7 м/с."
smartcube,SmartCube,robots_per_station,4,known,vendor,https://arobosys.ru/robot,"3–5 роботов на 1 станцию в зависимости от числа шахт [A, FAQ /station]"
smartcube,SmartCube,service_regulation,"Робот: карта ТО, полугодие и год. Шахты: протяжка болтов раз в 3 мес., инспекция несущей раз в год",known,vendor,https://arobosys.ru/robot,"Робот: карта ТО, полугодие и год. Шахты: протяжка болтов раз в 3 мес., инспекция несущей раз в год [A]"
smartcube,SmartCube,software_integration,Командный центр (аппаратный модуль) или облако SaaS; модифицируется под заказчика,known,vendor,https://arobosys.ru/robot,Командный центр (аппаратный модуль) или облако SaaS; модифицируется под заказчика [A]
smartcube,SmartCube,speed_empty_ms,2.7,known,vendor,https://arobosys.ru/robot,"2,7 (в блоке ТТХ; ускорение 1,2 м/с²) [A]"
smartcube,SmartCube,speed_loaded_ms,2.1,known,vendor,https://arobosys.ru/robot,"2,1 [A]"
smartcube,SmartCube,speed_vertical_ms,1.2,known,vendor,https://arobosys.ru/robot,"1,2 (подъём ящика, ускорение 0,7 м/с²) [A]"
smartcube,SmartCube,system_class,brs,known,vendor,https://arobosys.ru/robot,brs
smartcube,SmartCube,temp_max_c,40,known,vendor,https://arobosys.ru/robot,40 [A]
smartcube,SmartCube,temp_min_c,0,known,vendor,https://arobosys.ru/robot,0 [A]
smartcube,SmartCube,throughput,200,known,vendor,https://arobosys.ru/robot,200 на станцию (18 с на ящик с пикингом) [A]
smartcube,SmartCube,throughput_unit,ящиков/ч на рабочую станцию,known,vendor,https://arobosys.ru/robot,ящиков/ч на рабочую станцию
smartcube,SmartCube,work_time_h,8,known,vendor,https://arobosys.ru/robot,8 [A]
tral-patrul-5,Трал Патруль 5,charging_type,автоматическая зарядка,known,dealer,,автоматическая зарядка
tral-patrul-5,Трал Патруль 5,connectivity,4G/Wi‑Fi,known,dealer,,связь 4G/Wi‑Fi
tral-patrul-5,Трал Патруль 5,navigation,Автономное движение по маршруту; компьютерное зрение; интеллектуальное видеонаблюдение; обнаружение и сопровождение людей,known,dealer,,Автономное движение по маршруту; компьютерное зрение; интеллектуальное видеонаблюдение; обнаружение и сопровождение людей
tral-patrul-5,Трал Патруль 5,purpose,Колёсная мобильная платформа с мачтой и камерами для круглосуточного видеонаблюдения.,known,dealer,,Колёсная мобильная платформа с мачтой и камерами для круглосуточного видеонаблюдения.
unit,Unit,charging_type,заправочная станция,known,vendor,https://yacuai.com/ru/unit/,заправочной станцией
unit,Unit,dimensions_mm,900×560×800,known,vendor,https://yacuai.com/ru/unit/,Габариты 900×560×800 мм
unit,Unit,mass_kg,130,known,vendor,https://yacuai.com/ru/unit/,масса 130 кг
unit,Unit,navigation,RTLS + лидар + радар + стереокамера,known,vendor,https://yacuai.com/ru/unit/,RTLS-навигация + лидар + радар + стереокамера
unit,Unit,purpose,Компактная автономная поломоечная машина с RTLS-позиционированием и заправочной станцией.,known,vendor,https://yacuai.com/ru/unit/,Компактная автономная поломоечная машина с RTLS-позиционированием и заправочной станцией.
unit,Unit,risks,Уклон до 2°.,known,vendor,https://yacuai.com/ru/unit/,уклон до 2°
unit,Unit,throughput,4200,known,vendor,https://yacuai.com/ru/unit/,площадь уборки до 4200 м²/заряд
unit,Unit,throughput_unit,м²/заряд,known,vendor,https://yacuai.com/ru/unit/,площадь уборки до 4200 м²/заряд
unit,Unit,work_time_h,6,known,vendor,https://yacuai.com/ru/unit/,автономность до 6 ч
yandeks-rover-r-4-0,Яндекс-ровер R 4.0,mass_kg,70,known,dealer,,Масса ≈70 кг
yandeks-rover-r-4-0,Яндекс-ровер R 4.0,navigation,лидар до 30 м; 4 камеры 360°; радар до 150 м; GNSS,known,dealer,,лидар до 30 м; 4 камеры 360°; радар до 150 м; GNSS
yandeks-rover-r-4-0,Яндекс-ровер R 4.0,payload_kg,20,known,dealer,,груз до 20 кг
yandeks-rover-r-4-0,Яндекс-ровер R 4.0,purpose,Компактный 4-колёсный автономный ровер; закрытый грузовой отсек; камеры и сенсоры по периметру.,known,dealer,,Компактный 4-колёсный автономный ровер; закрытый грузовой отсек; камеры и сенсоры по периметру.
yandeks-rover-r-4-0,Яндекс-ровер R 4.0,speed_empty_ms,1.81,known,dealer,,скорость 5–8 км/ч
yandeks-rover-r-4-0,Яндекс-ровер R 4.0,speed_loaded_ms,1.81,known,dealer,,скорость 5–8 км/ч
