product_slug,product_name,attr_key,value,status,source_kind,source_url,quote
pallet-shuttle,Pallet Shuttle,region,Московская область,known,vendor,https://www.stelkon.ru/catalog/palletnye-stellazhi/pallet/,Московская область
pallet-shuttle,Pallet Shuttle,system_class,brs,known,vendor,https://www.stelkon.ru/catalog/palletnye-stellazhi/pallet/,brs
pallet-shuttle,Pallet Shuttle,purpose,Система складского хранения с высокой плотностью.,known,vendor,https://www.stelkon.ru/catalog/palletnye-stellazhi/pallet/,Система складского хранения с высокой плотностью.
pallet-shuttle,Pallet Shuttle,payload_kg,1500,known,vendor,https://www.stelkon.ru/catalog/palletnye-stellazhi/pallet/,1500 [A]
pallet-shuttle,Pallet Shuttle,dimensions_mm,1200×800×200,known,dealer,https://www.stelkon.ru/catalog/palletnye-stellazhi/pallet/,1200x800x200 [B]
pallet-shuttle,Pallet Shuttle,mass_kg,230,known,dealer,https://www.stelkon.ru/catalog/palletnye-stellazhi/pallet/,"от 230 (типичный radio shuttle) [B, WH Systems]"
pallet-shuttle,Pallet Shuttle,speed_loaded_ms,0.75,known,dealer,https://www.stelkon.ru/catalog/palletnye-stellazhi/pallet/,"0,75 [B]"
pallet-shuttle,Pallet Shuttle,speed_empty_ms,0.9,known,dealer,https://www.stelkon.ru/catalog/palletnye-stellazhi/pallet/,"0,90 [B]"
pallet-shuttle,Pallet Shuttle,throughput,100,known,dealer,https://www.stelkon.ru/catalog/palletnye-stellazhi/pallet/,80-120 [B]
pallet-shuttle,Pallet Shuttle,throughput_unit,паллет/ч на канал,known,dealer,https://www.stelkon.ru/catalog/palletnye-stellazhi/pallet/,паллет/ч на канал
pallet-shuttle,Pallet Shuttle,work_time_h,20,known,dealer,https://www.stelkon.ru/catalog/palletnye-stellazhi/pallet/,20 [B]
pallet-shuttle,Pallet Shuttle,charge_time_h,4,known,dealer,https://www.stelkon.ru/catalog/palletnye-stellazhi/pallet/,4 [B]
pallet-shuttle,Pallet Shuttle,battery_swap_min,15,known,dealer,https://www.stelkon.ru/catalog/palletnye-stellazhi/pallet/,15 [B]
pallet-shuttle,Pallet Shuttle,charging_type,"Внешнее ЗУ, зарядного на борту нет",known,dealer,https://www.stelkon.ru/catalog/palletnye-stellazhi/pallet/,"Внешнее ЗУ, зарядного на борту нет [B]"
pallet-shuttle,Pallet Shuttle,navigation,"Движение по рельсам канала, радиоуправление",known,vendor,https://www.stelkon.ru/catalog/palletnye-stellazhi/pallet/,"Движение по рельсам канала, радиоуправление [A]"
pallet-shuttle,Pallet Shuttle,temp_min_c,-30,known,dealer,https://www.stelkon.ru/catalog/palletnye-stellazhi/pallet/,-30 [B]
pallet-shuttle,Pallet Shuttle,temp_max_c,40,known,dealer,https://www.stelkon.ru/catalog/palletnye-stellazhi/pallet/,40 [B]
pallet-shuttle,Pallet Shuttle,enclosure,"Indoor, в т.ч. холодильные и морозильные склады",known,vendor,https://www.stelkon.ru/catalog/palletnye-stellazhi/pallet/,"Indoor, в т.ч. холодильные и морозильные склады [A]. Морозильное_исполнение_C: -35 [A] (ниже temp_min_c = -30, основной минимум заполнен — в temp_min_c не подставлялось)."
pallet-shuttle,Pallet Shuttle,container_type,"EUR-паллета, до 3 типоразмеров",known,vendor,https://www.stelkon.ru/catalog/palletnye-stellazhi/pallet/,"EUR-паллета, до 3 типоразмеров [A]"
pallet-shuttle,Pallet Shuttle,container_dimensions_mm,1200×800,known,vendor,https://www.stelkon.ru/catalog/palletnye-stellazhi/pallet/,1200x800 [A]
pallet-shuttle,Pallet Shuttle,infrastructure_req,Канальные стеллажи с рельсами; шаттл ставится в канал погрузчиком; освещение зоны не требуется,known,vendor,https://www.stelkon.ru/catalog/palletnye-stellazhi/pallet/,Канальные стеллажи с рельсами; шаттл ставится в канал погрузчиком; освещение зоны не требуется [A]
pallet-shuttle,Pallet Shuttle,software_integration,Команды от WMS/ERP заказчика или ручной графический интерфейс,known,vendor,https://www.stelkon.ru/catalog/palletnye-stellazhi/pallet/,Команды от WMS/ERP заказчика или ручной графический интерфейс [A]
pallet-shuttle,Pallet Shuttle,price_includes,28 000 EUR за тележку без опций,known,dealer,https://www.stelkon.ru/catalog/palletnye-stellazhi/pallet/,28 000 EUR за тележку без опций [B]
pallet-shuttle,Pallet Shuttle,ready_for_automatch,true,known,vendor,https://www.stelkon.ru/catalog/palletnye-stellazhi/pallet/,"Да, с оговорками — ТТХ тележки с аналога, стеллажи [A]"
pallet-shuttle,Pallet Shuttle,risks,"Импорт шаттла из Швеции: сроки поставки и сервис; нужен оператор с пультом; ТТХ скорости/АКБ сняты с аналога, не с паспорта Stelkon; легко спутать с 3D-шаттлом STELKON",known,dealer,https://www.stelkon.ru/catalog/palletnye-stellazhi/pallet/,"Импорт шаттла из Швеции: сроки поставки и сервис; нужен оператор с пультом; ТТХ скорости/АКБ сняты с аналога [B], не с паспорта Stelkon; легко спутать с 3D-шаттлом STELKON"
pallet-shuttle,Pallet Shuttle,warranty,стеллажи 36 мес.; металлическая мебель 24 мес.,known,vendor,https://www.stelkon.ru/catalog/palletnye-stellazhi/pallet/,стеллажи 36 мес.; металлическая мебель 24 мес. [A]
pallet-shuttle,Pallet Shuttle,deployment_time,производство стеллажей от 20 календарных дней,known,vendor,https://www.stelkon.ru/catalog/palletnye-stellazhi/pallet/,производство стеллажей от 20 календарных дней [A]
pallet-shuttle,Pallet Shuttle,not_to_confuse_with,"3D-шаттл STELKON (собственная разработка 2025): 1500 кг, 0,8 м/с, АКБ 120 Ah, зарядка 60 мин, −25…+40 °C, лифт 2500 кг / 0,25 м/с / до 6 м. Это другой продукт, не radio shuttle.",known,vendor,https://www.stelkon.ru/catalog/palletnye-stellazhi/pallet/,"3D-шаттл STELKON (собственная разработка 2025): 1500 кг, 0,8 м/с, АКБ 120 Ah, зарядка 60 мин, −25…+40 °C, лифт 2500 кг / 0,25 м/с / до 6 м. Это другой продукт, не radio shuttle."
smartcube,SmartCube,region,Москва,known,vendor,https://arobosys.ru/robot,Москва
smartcube,SmartCube,system_class,brs,known,vendor,https://arobosys.ru/robot,brs
smartcube,SmartCube,purpose,"Флагманская роботизированная система кубического хранения, разработанная отечественной компанией ARS Smart Robotics (основана выпускниками МГТУ им. Баумана в 2016 году). Это первая и единственная в России и СНГ автоматизированная система такого типа, которая конкурирует с мировыми аналогами (например, AutoStore).",known,vendor,https://arobosys.ru/robot,"Флагманская роботизированная система кубического хранения, разработанная отечественной компанией ARS Smart Robotics (основана выпускниками МГТУ им. Баумана в 2016 году). Это первая и единственная в России и СНГ автоматизированная система такого типа, которая конкурирует с мировыми аналогами (например, AutoStore)."
smartcube,SmartCube,payload_kg,30,known,vendor,https://arobosys.ru/robot,30 (вес ящика) [A]
smartcube,SmartCube,mass_kg,130,known,vendor,https://arobosys.ru/robot,130 без ящика [A]
smartcube,SmartCube,speed_loaded_ms,2.1,known,vendor,https://arobosys.ru/robot,"2,1 [A]"
smartcube,SmartCube,speed_empty_ms,2.7,known,vendor,https://arobosys.ru/robot,"2,7 (в блоке ТТХ; ускорение 1,2 м/с²) [A]"
smartcube,SmartCube,speed_vertical_ms,1.2,known,vendor,https://arobosys.ru/robot,"1,2 (подъём ящика, ускорение 0,7 м/с²) [A]"
smartcube,SmartCube,throughput,200,known,vendor,https://arobosys.ru/robot,200 на станцию (18 с на ящик с пикингом) [A]
smartcube,SmartCube,throughput_unit,ящиков/ч на рабочую станцию,known,vendor,https://arobosys.ru/robot,ящиков/ч на рабочую станцию
smartcube,SmartCube,work_time_h,8,known,vendor,https://arobosys.ru/robot,8 [A]
smartcube,SmartCube,charge_time_h,4,known,vendor,https://arobosys.ru/robot,4 [A]
smartcube,SmartCube,charging_type,"Зарядные станции на поле; робот подъезжает сам при пороге заряда, без участия человека",known,vendor,https://arobosys.ru/robot,"Зарядные станции на поле; робот подъезжает сам при пороге заряда, без участия человека [A, FAQ /robot]"
smartcube,SmartCube,power_watt,100,known,vendor,https://arobosys.ru/robot,"100 Вт робот [A]; 300 Вт станция [A] (у вендора «300 Ватт в час» = мощность, не Вт·ч)"
smartcube,SmartCube,navigation,Рельсовая 2D-сетка над шахтами + бортовые датчики,known,vendor,https://arobosys.ru/robot,Рельсовая 2D-сетка над шахтами + бортовые датчики [A]
smartcube,SmartCube,temp_min_c,0,known,vendor,https://arobosys.ru/robot,0 [A]
smartcube,SmartCube,temp_max_c,40,known,vendor,https://arobosys.ru/robot,40 [A]
smartcube,SmartCube,enclosure,"Indoor, отапливаемое помещение",known,vendor,https://arobosys.ru/robot,"Indoor, отапливаемое помещение [A]"
smartcube,SmartCube,min_aisle_width_m,,not_applicable,vendor,https://arobosys.ru/robot,не требуется — проходов между стеллажами нет [A]
smartcube,SmartCube,container_type,Ящик EC-64,known,vendor,https://arobosys.ru/robot,Ящик EC-64 [A]
smartcube,SmartCube,container_dimensions_mm,"600×400, высота 220–420 (комбинируются)",known,vendor,https://arobosys.ru/robot,"600x400, высота 220-420 (комбинируются) [A]"
smartcube,SmartCube,infrastructure_req,Алюминиевые модульные шахты под форму помещения; рабочие станции 2 м²; освещение роботам не нужно,known,vendor,https://arobosys.ru/robot,Алюминиевые модульные шахты под форму помещения; рабочие станции 2 м²; освещение роботам не нужно [A]
smartcube,SmartCube,software_integration,Командный центр (аппаратный модуль) или облако SaaS; модифицируется под заказчика,known,vendor,https://arobosys.ru/robot,Командный центр (аппаратный модуль) или облако SaaS; модифицируется под заказчика [A]
smartcube,SmartCube,lifetime_years,25,known,vendor,https://arobosys.ru/robot,25 (шахты) [A]
smartcube,SmartCube,ready_for_automatch,true,known,vendor,https://arobosys.ru/robot,Да
smartcube,SmartCube,risks,"Температура робота и ящика от 0 °C — не для холодных зон (у шахт на /mines заявлено −20 °C, у робота 0 °C — ориентироваться на робота). Нагрузка на ящик 30 кг — не для паллет. Скорость в тексте 2,1 м/с, в блоке ТТХ 2,7 м/с.",known,vendor,https://arobosys.ru/robot,"Температура робота и ящика от 0 °C — не для холодных зон (у шахт на /mines заявлено −20 °C, у робота 0 °C — ориентироваться на робота). Нагрузка на ящик 30 кг — не для паллет. Скорость в тексте 2,1 м/с, в блоке ТТХ 2,7 м/с."
smartcube,SmartCube,floor_load_kg_m2,2000,known,vendor,https://arobosys.ru/robot,2000 [A]
smartcube,SmartCube,robots_per_station,4,known,vendor,https://arobosys.ru/robot,"3–5 роботов на 1 станцию в зависимости от числа шахт [A, FAQ /station]"
smartcube,SmartCube,deployment_time,монтаж шахт без тяжёлой техники; ~2 недели на 300 м²,known,vendor,https://arobosys.ru/robot,монтаж шахт без тяжёлой техники; ~2 недели на 300 м² [A]
smartcube,SmartCube,service_regulation,"Робот: карта ТО, полугодие и год. Шахты: протяжка болтов раз в 3 мес., инспекция несущей раз в год",known,vendor,https://arobosys.ru/robot,"Робот: карта ТО, полугодие и год. Шахты: протяжка болтов раз в 3 мес., инспекция несущей раз в год [A]"
as-rs-p,AS-RS P,region,Санкт-Петербург,known,dealer,https://www.kiit.ru/product/avtomatizirovannyy-kran-shtabeler-dlya-pallet-s-1-komplektom-teleskopicheskikh-vil/,Санкт-Петербург
as-rs-p,AS-RS P,system_class,brs,known,dealer,https://www.kiit.ru/product/avtomatizirovannyy-kran-shtabeler-dlya-pallet-s-1-komplektom-teleskopicheskikh-vil/,brs
as-rs-p,AS-RS P,purpose,Груз хранится на стеллажах на EUR-поддонах. Тип стеллажа: стационарный палетный стеллаж/ Автоматическая система хранения и доставки грузов. Подача груза по принципу «товар к человеку» механизирована с помощью кран-штабелера.,known,dealer,https://www.kiit.ru/product/avtomatizirovannyy-kran-shtabeler-dlya-pallet-s-1-komplektom-teleskopicheskikh-vil/,Груз хранится на стеллажах на EUR-поддонах. Тип стеллажа: стационарный палетный стеллаж/ Автоматическая система хранения и доставки грузов. Подача груза по принципу «товар к человеку» механизирована с помощью кран-штабелера.
as-rs-p,AS-RS P,payload_kg,3000,known,dealer,https://www.kiit.ru/product/avtomatizirovannyy-kran-shtabeler-dlya-pallet-s-1-komplektom-teleskopicheskikh-vil/,3000 [B]
as-rs-p,AS-RS P,speed_loaded_ms,3,known,dealer,https://www.kiit.ru/product/avtomatizirovannyy-kran-shtabeler-dlya-pallet-s-1-komplektom-teleskopicheskikh-vil/,до 3 (горизонтальная) [B]
as-rs-p,AS-RS P,speed_empty_ms,3,known,dealer,https://www.kiit.ru/product/avtomatizirovannyy-kran-shtabeler-dlya-pallet-s-1-komplektom-teleskopicheskikh-vil/,до 3 (горизонтальная) [B]
as-rs-p,AS-RS P,speed_vertical_ms,1,known,dealer,https://www.kiit.ru/product/avtomatizirovannyy-kran-shtabeler-dlya-pallet-s-1-komplektom-teleskopicheskikh-vil/,до 1 [B]
as-rs-p,AS-RS P,throughput,45,known,analogue,https://www.kiit.ru/product/avtomatizirovannyy-kran-shtabeler-dlya-pallet-s-1-komplektom-teleskopicheskikh-vil/,~45 [C]
as-rs-p,AS-RS P,throughput_unit,паллет/ч на кран,known,analogue,https://www.kiit.ru/product/avtomatizirovannyy-kran-shtabeler-dlya-pallet-s-1-komplektom-teleskopicheskikh-vil/,паллет/ч на кран (оценка по аналогу)
as-rs-p,AS-RS P,work_time_h,24,known,analogue,https://www.kiit.ru/product/avtomatizirovannyy-kran-shtabeler-dlya-pallet-s-1-komplektom-teleskopicheskikh-vil/,"24/7, питание от сети [C]"
as-rs-p,AS-RS P,charge_time_h,,not_applicable,analogue,https://www.kiit.ru/product/avtomatizirovannyy-kran-shtabeler-dlya-pallet-s-1-komplektom-teleskopicheskikh-vil/,не требуется (сетевое питание) [C]
as-rs-p,AS-RS P,charging_type,Сетевое питание,known,analogue,https://www.kiit.ru/product/avtomatizirovannyy-kran-shtabeler-dlya-pallet-s-1-komplektom-teleskopicheskikh-vil/,Сетевое питание [C]
as-rs-p,AS-RS P,navigation,Движение по рельсам в проходе стеллажа,known,dealer,https://www.kiit.ru/product/avtomatizirovannyy-kran-shtabeler-dlya-pallet-s-1-komplektom-teleskopicheskikh-vil/,Движение по рельсам в проходе стеллажа [B]
as-rs-p,AS-RS P,enclosure,"Indoor, высотный стеллажный склад",known,dealer,https://www.kiit.ru/product/avtomatizirovannyy-kran-shtabeler-dlya-pallet-s-1-komplektom-teleskopicheskikh-vil/,"Indoor, высотный стеллажный склад [B]"
as-rs-p,AS-RS P,container_type,EUR-поддон,known,dealer,https://www.kiit.ru/product/avtomatizirovannyy-kran-shtabeler-dlya-pallet-s-1-komplektom-teleskopicheskikh-vil/,EUR-поддон [B]
as-rs-p,AS-RS P,container_dimensions_mm,1200×800,known,dealer,https://www.kiit.ru/product/avtomatizirovannyy-kran-shtabeler-dlya-pallet-s-1-komplektom-teleskopicheskikh-vil/,1200x800 [B]
as-rs-p,AS-RS P,infrastructure_req,"Стеллажная конструкция до 24 м, рельсы, конвейеры подачи; зона выдачи торцевая и фронтальная; двухбалочная конструкция крана",known,dealer,https://www.kiit.ru/product/avtomatizirovannyy-kran-shtabeler-dlya-pallet-s-1-komplektom-teleskopicheskikh-vil/,"Стеллажная конструкция до 24 м, рельсы, конвейеры подачи; зона выдачи торцевая и фронтальная; двухбалочная конструкция крана [B]"
as-rs-p,AS-RS P,software_integration,"ДиКом СУАС: базовая бесплатно, расширенная с API к WMS и ERP",known,dealer,https://www.kiit.ru/product/avtomatizirovannyy-kran-shtabeler-dlya-pallet-s-1-komplektom-teleskopicheskikh-vil/,"ДиКом СУАС: базовая бесплатно, расширенная с API к WMS и ERP [B]"
as-rs-p,AS-RS P,ready_for_automatch,true,known,dealer,https://www.kiit.ru/product/avtomatizirovannyy-kran-shtabeler-dlya-pallet-s-1-komplektom-teleskopicheskikh-vil/,"Да, с оговорками — нет ширины прохода, температуры и паспортной производительности"
as-rs-p,AS-RS P,risks,Производительность — оценка по аналогу; неизвестна требуемая ширина прохода и температурный диапазон; высота 24 м требует соответствующего здания,known,dealer,https://www.kiit.ru/product/avtomatizirovannyy-kran-shtabeler-dlya-pallet-s-1-komplektom-teleskopicheskikh-vil/,Производительность — оценка по аналогу; неизвестна требуемая ширина прохода и температурный диапазон; высота 24 м требует соответствующего здания
as-rs-p,AS-RS P,not_to_confuse_with,"Исполнение с 2 комплектами телескопических вил — та же система, выше производительность, не отдельный продукт в подборе",known,dealer,https://www.kiit.ru/product/avtomatizirovannyy-kran-shtabeler-dlya-pallet-s-1-komplektom-teleskopicheskikh-vil/,"Исполнение с 2 комплектами телескопических вил — та же система, выше производительность, не отдельный продукт в подборе"
as-rs-b,AS-RS B,region,Санкт-Петербург,known,dealer,https://www.kiit.ru/katalog/avtomatizirovannye-sklady/brand-dikom/,Санкт-Петербург
as-rs-b,AS-RS B,system_class,brs,known,dealer,https://www.kiit.ru/katalog/avtomatizirovannye-sklady/brand-dikom/,brs
as-rs-b,AS-RS B,purpose,Груз хранится в KLT ящиках. Тип стеллажа: фронтальный палетный стеллаж/Автоматическая система хранения и доставки грузов. Подача груза по принципу «товар к человеку» механизирована с помощью робота-штабелера,known,dealer,https://www.kiit.ru/katalog/avtomatizirovannye-sklady/brand-dikom/,Груз хранится в KLT ящиках. Тип стеллажа: фронтальный палетный стеллаж/Автоматическая система хранения и доставки грузов. Подача груза по принципу «товар к человеку» механизирована с помощью робота-штабелера
as-rs-b,AS-RS B,speed_loaded_ms,4,known,dealer,https://www.kiit.ru/katalog/avtomatizirovannye-sklady/brand-dikom/,"до 4 (роботы-штабелёры, интервью ДиКом) [B]"
as-rs-b,AS-RS B,speed_empty_ms,4,known,dealer,https://www.kiit.ru/katalog/avtomatizirovannye-sklady/brand-dikom/,до 4 [B]
as-rs-b,AS-RS B,throughput_unit,ящиков/ч,known,dealer,https://www.kiit.ru/katalog/avtomatizirovannye-sklady/brand-dikom/,ящиков/ч
as-rs-b,AS-RS B,enclosure,"Indoor, высотный GTP-склад",known,dealer,https://www.kiit.ru/katalog/avtomatizirovannye-sklady/brand-dikom/,"Indoor, высотный GTP-склад [B]"
as-rs-b,AS-RS B,container_type,Ящики KLT,known,vendor,https://www.kiit.ru/katalog/avtomatizirovannye-sklady/brand-dikom/,"Ящики KLT [A, каталог]; 600×400, высота 220/340/420 мм [B, КИИТ]"
as-rs-b,AS-RS B,container_dimensions_mm,600×400×220 / 600×400×340 / 600×400×420,known,dealer,https://www.kiit.ru/katalog/avtomatizirovannye-sklady/brand-dikom/,600x400x220 / 600x400x340 / 600x400x420 [B]
as-rs-b,AS-RS B,software_integration,ДиКом СУАС базовая / расширенная (общая для линейки),known,dealer,https://www.kiit.ru/katalog/avtomatizirovannye-sklady/brand-dikom/,ДиКом СУАС базовая / расширенная (общая для линейки) [B]
as-rs-b,AS-RS B,infrastructure_req,Новая стеллажная система под KLT; связка с DMR 50 и СУАС ДиКом,known,dealer,https://www.kiit.ru/katalog/avtomatizirovannye-sklady/brand-dikom/,Новая стеллажная система под KLT; связка с DMR 50 и СУАС ДиКом [B]
as-rs-b,AS-RS B,ready_for_automatch,false,known,dealer,https://www.kiit.ru/katalog/avtomatizirovannye-sklady/brand-dikom/,"Нет — УГТ 6, пилот, нет производительности"
as-rs-b,AS-RS B,risks,"Статус «пилот», УГТ 6 — ниже порога автоподбора. Публичного паспорта нет, только обрывки КИИТ/выставки. В подборку не включать до ответа вендора.",known,dealer,https://www.kiit.ru/katalog/avtomatizirovannye-sklady/brand-dikom/,"Статус «пилот», УГТ 6 — ниже порога автоподбора. Публичного паспорта нет, только обрывки КИИТ/выставки. В подборку не включать до ответа вендора."
model-a25-1720,Модель А25-1720,region,Республика Татарстан,known,vendor,https://eidos-robotics.ru/robot,Республика Татарстан
model-a25-1720,Модель А25-1720,system_class,brs,known,vendor,https://eidos-robotics.ru/robot,brs
model-a25-1720,Модель А25-1720,purpose,Робот повышенной грузоподъемности для погрузки-разгрузки и сборки.,known,vendor,https://eidos-robotics.ru/robot,Робот повышенной грузоподъемности для погрузки-разгрузки и сборки.
model-a25-1720,Модель А25-1720,payload_kg,25,known,dealer,https://eidos-robotics.ru/robot,25 (нагрузка на запястье) [B]
model-a25-1720,Модель А25-1720,reach_mm,1718,known,dealer,https://eidos-robotics.ru/robot,рабочий радиус 1718 мм [B]
model-a25-1720,Модель А25-1720,mass_kg,235,known,dealer,https://eidos-robotics.ru/robot,235 [B]
model-a25-1720,Модель А25-1720,work_time_h,24,known,analogue,https://eidos-robotics.ru/robot,"24/7, питание от сети [C]"
model-a25-1720,Модель А25-1720,charge_time_h,,not_applicable,analogue,https://eidos-robotics.ru/robot,не требуется (сетевое питание) [C]
model-a25-1720,Модель А25-1720,charging_type,"Сетевое питание 380 В, 50 Гц, 25 А",known,dealer,https://eidos-robotics.ru/robot,"Сетевое питание 380 В, 50 Гц, 25 А [B]"
model-a25-1720,Модель А25-1720,navigation,"Стационарный, программирование на Python, ПО ER BOX",known,dealer,https://eidos-robotics.ru/robot,"Стационарный, программирование на Python, ПО ER BOX [B]"
model-a25-1720,Модель А25-1720,accuracy_mm,±0.05 (повторяемость),known,dealer,https://eidos-robotics.ru/robot,"±0,05 (повторяемость) [B]"
model-a25-1720,Модель А25-1720,temp_min_c,0,known,dealer,https://eidos-robotics.ru/robot,0 [B]
model-a25-1720,Модель А25-1720,temp_max_c,45,known,dealer,https://eidos-robotics.ru/robot,45 [B]
model-a25-1720,Модель А25-1720,enclosure,"Indoor; IP40, запястье IP65",known,dealer,https://eidos-robotics.ru/robot,"Indoor; IP40, запястье IP65 [B]"
model-a25-1720,Модель А25-1720,min_aisle_width_m,,not_applicable,dealer,https://eidos-robotics.ru/robot,не применимо (стационарный)
model-a25-1720,Модель А25-1720,container_type,"Короба, ящики, штучный товар (через захват)",known,analogue,https://eidos-robotics.ru/robot,"Короба, ящики, штучный товар (через захват) [C]"
model-a25-1720,Модель А25-1720,infrastructure_req,"Напольное, настенное или подвесное крепление; питание 380 В; пневмолиния 1-канальная Ø10 мм; сигнальная линия 18 проводов + заземление; ограждение рабочей зоны",known,dealer,https://eidos-robotics.ru/robot,"Напольное, настенное или подвесное крепление; питание 380 В; пневмолиния 1-канальная Ø10 мм; сигнальная линия 18 проводов + заземление; ограждение рабочей зоны [B]"
model-a25-1720,Модель А25-1720,software_integration,"Собственное ПО ER BOX, язык Python; ПО управляет и роботами импортного производства",known,dealer,https://eidos-robotics.ru/robot,"Собственное ПО ER BOX, язык Python; ПО управляет и роботами импортного производства [B]"
model-a25-1720,Модель А25-1720,price_includes,ДУБЛЬ В КАТАЛОГЕ: та же модель указана дважды — 2 000 000 и 2 500 000 ₽ (альтернативные комплектации). Цены у вендора запрашиваются индивидуально по e-mail,known,vendor,https://eidos-robotics.ru/robot,ДУБЛЬ В КАТАЛОГЕ: та же модель указана дважды — 2 000 000 и 2 500 000 ₽ (альтернативные комплектации) [A]. Цены у вендора запрашиваются индивидуально по e-mail [A]
model-a25-1720,Модель А25-1720,ready_for_automatch,true,known,vendor,https://eidos-robotics.ru/robot,"Да, с оговорками — нет времени цикла, складской кейс не основной"
model-a25-1720,Модель А25-1720,risks,"Производительность в циклах/мин неизвестна — главный параметр расчёта; захват и оснастка в цену, вероятно, не входят; требуется ограждение; это промышленный манипулятор, не складской GTP-робот",known,dealer,https://eidos-robotics.ru/robot,"Нет данных о производительности (циклов/мин) — главный параметр расчёта; захват и оснастка в цену, вероятно, не входят; требуется ограждение; это промышленный манипулятор, не складской GTP-робот"
model-a25-1720,Модель А25-1720,ip_rating,"IP40 корпус, IP65 запястье",known,dealer,https://eidos-robotics.ru/robot,"IP40 корпус, IP65 запястье [B]"
model-a25-1720,Модель А25-1720,humidity_max_pct,75,known,dealer,https://eidos-robotics.ru/robot,"75, кратко до 95, без конденсата [B]"
model-a25-1720,Модель А25-1720,axes,6,known,dealer,https://eidos-robotics.ru/robot,6 [B]
model-a25-1720,Модель А25-1720,power_supply,"380 В, 50 Гц, 25 А",known,dealer,https://eidos-robotics.ru/robot,"380 В, 50 Гц, 25 А [B]"
model-a25-1720,Модель А25-1720,warranty,1 год,known,dealer,https://eidos-robotics.ru/robot,1 год [B]
model-a25-1720,Модель А25-1720,service_regulation,полный сервис производителя,known,dealer,https://eidos-robotics.ru/robot,полный сервис производителя [B]
model-a12-1450,Модель А12-1450,region,Республика Татарстан,known,dealer,https://vrm.group/robots/ejdos-a12-1450-3/,Республика Татарстан
model-a12-1450,Модель А12-1450,system_class,brs,known,dealer,https://vrm.group/robots/ejdos-a12-1450-3/,brs
model-a12-1450,Модель А12-1450,purpose,"Промышленный робот в реестре МПТ РФ, субсидируемая скидка до 50%.",known,dealer,https://vrm.group/robots/ejdos-a12-1450-3/,"Промышленный робот в реестре МПТ РФ, субсидируемая скидка до 50%."
model-a12-1450,Модель А12-1450,payload_kg,12,known,dealer,https://vrm.group/robots/ejdos-a12-1450-3/,12 (масса полезной нагрузки) [B]
model-a12-1450,Модель А12-1450,reach_mm,1450,known,dealer,https://vrm.group/robots/ejdos-a12-1450-3/,рабочий радиус 1450 мм [B]
model-a12-1450,Модель А12-1450,mass_kg,160,known,dealer,https://vrm.group/robots/ejdos-a12-1450-3/,"160 [B, VRM]"
model-a12-1450,Модель А12-1450,work_time_h,24,known,analogue,https://vrm.group/robots/ejdos-a12-1450-3/,"24/7, питание от сети [C]"
model-a12-1450,Модель А12-1450,charge_time_h,,not_applicable,analogue,https://vrm.group/robots/ejdos-a12-1450-3/,не требуется (сетевое питание) [C]
model-a12-1450,Модель А12-1450,charging_type,"Сетевое питание 220 В, 50 Гц, 16 А",known,dealer,https://vrm.group/robots/ejdos-a12-1450-3/,"Сетевое питание 220 В, 50 Гц, 16 А [B]"
model-a12-1450,Модель А12-1450,navigation,"Стационарный, программирование на Python, ПО ER BOX",known,dealer,https://vrm.group/robots/ejdos-a12-1450-3/,"Стационарный, программирование на Python, ПО ER BOX [B]"
model-a12-1450,Модель А12-1450,accuracy_mm,±0.05 (повторяемость),known,dealer,https://vrm.group/robots/ejdos-a12-1450-3/,"±0,05 (повторяемость) [B]"
model-a12-1450,Модель А12-1450,temp_min_c,10,known,dealer,https://vrm.group/robots/ejdos-a12-1450-3/,"10 [B, VRM]"
model-a12-1450,Модель А12-1450,temp_max_c,40,known,dealer,https://vrm.group/robots/ejdos-a12-1450-3/,"40 [B, VRM]"
model-a12-1450,Модель А12-1450,enclosure,Indoor; IP51; только напольное крепление,known,dealer,https://vrm.group/robots/ejdos-a12-1450-3/,"Indoor; IP51; только напольное крепление [B, VRM]"
model-a12-1450,Модель А12-1450,min_aisle_width_m,,not_applicable,dealer,https://vrm.group/robots/ejdos-a12-1450-3/,не применимо (стационарный)
model-a12-1450,Модель А12-1450,container_type,"Короба, штучный товар (через захват)",known,analogue,https://vrm.group/robots/ejdos-a12-1450-3/,"Короба, штучный товар (через захват) [C]"
model-a12-1450,Модель А12-1450,infrastructure_req,Только напольное крепление; питание 220 В; ограждение рабочей зоны. Настенное/подвесное — не подтверждено (это было с А25),known,dealer,https://vrm.group/robots/ejdos-a12-1450-3/,Только напольное крепление; питание 220 В; ограждение рабочей зоны. Настенное/подвесное — не подтверждено (это было с А25) [B]
model-a12-1450,Модель А12-1450,software_integration,"ПО ER BOX, язык Python",known,dealer,https://vrm.group/robots/ejdos-a12-1450-3/,"ПО ER BOX, язык Python [B]"
model-a12-1450,Модель А12-1450,price_includes,ДУБЛЬ В КАТАЛОГЕ: та же модель указана дважды — 2 000 000 и 2 500 000 ₽ (альтернативные комплектации). Цены у вендора запрашиваются индивидуально по e-mail,known,vendor,https://vrm.group/robots/ejdos-a12-1450-3/,ДУБЛЬ В КАТАЛОГЕ: та же модель указана дважды — 2 000 000 и 2 500 000 ₽ (альтернативные комплектации) [A]. Цены у вендора запрашиваются индивидуально по e-mail [A]
model-a12-1450,Модель А12-1450,ready_for_automatch,true,known,dealer,https://vrm.group/robots/ejdos-a12-1450-3/,"Да, с оговорками — нет цикла; складской сценарий слабый"
model-a12-1450,Модель А12-1450,risks,"Модель чаще позиционируется под сварку и образование, а не под склад. Нет времени цикла. Без захвата в цене.",known,dealer,https://vrm.group/robots/ejdos-a12-1450-3/,"Модель чаще позиционируется под сварку и образование, а не под склад. Нет времени цикла. Без захвата в цене."
model-a12-1450,Модель А12-1450,ip_rating,IP51,known,dealer,https://vrm.group/robots/ejdos-a12-1450-3/,IP51 [B]
model-a12-1450,Модель А12-1450,humidity_max_pct,75,known,dealer,https://vrm.group/robots/ejdos-a12-1450-3/,"75, без конденсата [B]"
model-a12-1450,Модель А12-1450,axes,6,known,dealer,https://vrm.group/robots/ejdos-a12-1450-3/,6 [B]
model-a12-1450,Модель А12-1450,power_supply,"220 В, 50 Гц, 16 А",known,dealer,https://vrm.group/robots/ejdos-a12-1450-3/,"220 В, 50 Гц, 16 А [B]"
model-a12-1450,Модель А12-1450,warranty,1 год,known,dealer,https://vrm.group/robots/ejdos-a12-1450-3/,1 год [B]
d-operator-p,D. Operator P,region,Санкт-Петербург,known,dealer,https://www.kiit.ru/product/robototekhnicheskiy-kompleks-dikom-d-operator-p/,Санкт-Петербург
d-operator-p,D. Operator P,system_class,brs,known,dealer,https://www.kiit.ru/product/robototekhnicheskiy-kompleks-dikom-d-operator-p/,brs
d-operator-p,D. Operator P,purpose,"Робототехнический комплекс обеспечивают непрерывность работы станков (фрезерных, токарных, лазерных и т.д.)",known,dealer,https://www.kiit.ru/product/robototekhnicheskiy-kompleks-dikom-d-operator-p/,"Робототехнический комплекс обеспечивают непрерывность работы станков (фрезерных, токарных, лазерных и т.д.)"
d-operator-p,D. Operator P,payload_kg,20,known,dealer,https://www.kiit.ru/product/robototekhnicheskiy-kompleks-dikom-d-operator-p/,20 [B]
d-operator-p,D. Operator P,dimensions_mm,830×1600×700,known,dealer,https://www.kiit.ru/product/robototekhnicheskiy-kompleks-dikom-d-operator-p/,"830x1600x700 (комплекс) [B, КИИТ]; радиус руки 1700 мм в карточке / 1800 мм у CS620 [B]"
d-operator-p,D. Operator P,reach_mm,1700,known,dealer,https://www.kiit.ru/product/robototekhnicheskiy-kompleks-dikom-d-operator-p/,радиус руки 1700 мм в карточке / 1800 мм у CS620 [B]; в расчёт закладывать 1700 как консерватив
d-operator-p,D. Operator P,mass_kg,64,known,dealer,https://www.kiit.ru/product/robototekhnicheskiy-kompleks-dikom-d-operator-p/,"64 (комплекс, КИИТ) [B]; рука Elite Robots CS620 ~60 кг [C]"
d-operator-p,D. Operator P,speed_loaded_ms,2,known,dealer,https://www.kiit.ru/product/robototekhnicheskiy-kompleks-dikom-d-operator-p/,"2,0 [B, карточка D.Operator P]"
d-operator-p,D. Operator P,speed_empty_ms,2,known,dealer,https://www.kiit.ru/product/robototekhnicheskiy-kompleks-dikom-d-operator-p/,"2,0 [B]"
d-operator-p,D. Operator P,work_time_h,24,known,dealer,https://www.kiit.ru/product/robototekhnicheskiy-kompleks-dikom-d-operator-p/,"24/7, питание от сети [B]"
d-operator-p,D. Operator P,charge_time_h,,not_applicable,dealer,https://www.kiit.ru/product/robototekhnicheskiy-kompleks-dikom-d-operator-p/,не требуется (сетевое питание) [B]
d-operator-p,D. Operator P,charging_type,Сетевое питание 220 В,known,dealer,https://www.kiit.ru/product/robototekhnicheskiy-kompleks-dikom-d-operator-p/,Сетевое питание 220 В [B]
d-operator-p,D. Operator P,power_watt,800,known,dealer,https://www.kiit.ru/product/robototekhnicheskiy-kompleks-dikom-d-operator-p/,800 [B]
d-operator-p,D. Operator P,navigation,Стационарная ячейка; коллаборативный 6-осевой робот,known,dealer,https://www.kiit.ru/product/robototekhnicheskiy-kompleks-dikom-d-operator-p/,Стационарная ячейка; коллаборативный 6-осевой робот [B]
d-operator-p,D. Operator P,accuracy_mm,±0.1 (повторяемость),known,dealer,https://www.kiit.ru/product/robototekhnicheskiy-kompleks-dikom-d-operator-p/,"±0,1 (повторяемость) [B]"
d-operator-p,D. Operator P,enclosure,Indoor; IP54,known,dealer,https://www.kiit.ru/product/robototekhnicheskiy-kompleks-dikom-d-operator-p/,Indoor; IP54 [B]
d-operator-p,D. Operator P,min_aisle_width_m,,not_applicable,dealer,https://www.kiit.ru/product/robototekhnicheskiy-kompleks-dikom-d-operator-p/,не применимо (стационарный)
d-operator-p,D. Operator P,container_type,Ящики KLT 600×400×300 при работе в связке с DMR 300 Carrier B,known,dealer,https://www.kiit.ru/product/robototekhnicheskiy-kompleks-dikom-d-operator-p/,Ящики KLT 600x400x300 при работе в связке с DMR 300 Carrier B [B]
d-operator-p,D. Operator P,container_dimensions_mm,600×400×300,known,dealer,https://www.kiit.ru/product/robototekhnicheskiy-kompleks-dikom-d-operator-p/,600x400x300 [B]
d-operator-p,D. Operator P,infrastructure_req,Пристаночное размещение; работа без ограждений за счёт коллаборативности; тумба и крепление в комплекте (у линейки),known,dealer,https://www.kiit.ru/product/robototekhnicheskiy-kompleks-dikom-d-operator-p/,Пристаночное размещение; работа без ограждений за счёт коллаборативности; тумба и крепление в комплекте (у линейки) [B]
d-operator-p,D. Operator P,software_integration,Единая система управления с АСХ ДиКом и AMR; ПО СУАС с API к WMS и ERP; система автоматизации WANLO,known,dealer,https://www.kiit.ru/product/robototekhnicheskiy-kompleks-dikom-d-operator-p/,Единая система управления с АСХ ДиКом и AMR; ПО СУАС с API к WMS и ERP; система автоматизации WANLO [B]
d-operator-p,D. Operator P,price_includes,"от 9 400 000 ₽ у дилера КИИТ, в наличии. Комплекс: робот, тумба и крепление, оснастка (по аналогии с D.Operator B)",known,dealer,https://www.kiit.ru/product/robototekhnicheskiy-kompleks-dikom-d-operator-p/,"Цена_альт_источник: от 9 400 000 ₽ у дилера КИИТ, в наличии [B]. Что_входит_в_цену: Комплекс: робот, тумба и крепление, оснастка (по аналогии с D.Operator B — уточнить)"
d-operator-p,D. Operator P,ready_for_automatch,true,known,dealer,https://www.kiit.ru/product/robototekhnicheskiy-kompleks-dikom-d-operator-p/,"Да, с оговорками — нет цикла; основная задача не склад"
d-operator-p,D. Operator P,risks,"Нет производительности в циклах/мин. ТТХ v1 были с младшей модели B — исправлено. Импорт руки CS620: сервис и запчасти. Заявленная окупаемость относится к станкам, не к складу.",known,dealer,https://www.kiit.ru/product/robototekhnicheskiy-kompleks-dikom-d-operator-p/,"Нет производительности в циклах/мин. ТТХ v1 были с младшей модели B — исправлено. Импорт руки CS620: сервис и запчасти. Заявленная окупаемость относится к станкам, не к складу."
d-operator-p,D. Operator P,ip_rating,IP54,known,dealer,https://www.kiit.ru/product/robototekhnicheskiy-kompleks-dikom-d-operator-p/,"IP54 (комплекс, КИИТ) [B]; у самой руки CS620 вендор заявляет IP65 [C]"
d-operator-p,D. Operator P,axes,6,known,dealer,https://www.kiit.ru/product/robototekhnicheskiy-kompleks-dikom-d-operator-p/,6 [B]
d-operator-p,D. Operator P,power_supply,220 В,known,dealer,https://www.kiit.ru/product/robototekhnicheskiy-kompleks-dikom-d-operator-p/,220 В [B]
robot-komplektovschik,Робот-комплектовщик,region,Москва,known,dealer,https://habr.com/ru/companies/yandex/articles/938728/,Москва
robot-komplektovschik,Робот-комплектовщик,system_class,brs,known,dealer,https://habr.com/ru/companies/yandex/articles/938728/,brs
robot-komplektovschik,Робот-комплектовщик,payload_kg,7,known,dealer,https://habr.com/ru/companies/yandex/articles/938728/,"до 7 на текущем прототипе; цель 15–20 [B, Habr, команда Яндекс Роботикс]"
robot-komplektovschik,Робот-комплектовщик,speed_loaded_ms,1.2,known,analogue,https://habr.com/ru/companies/yandex/articles/938728/,"«в темпе человека» (около 1,2 м/с) [C]"
robot-komplektovschik,Робот-комплектовщик,throughput,10,known,dealer,https://habr.com/ru/companies/yandex/articles/938728/,"заявка вендора — до 10 т за 12-часовую смену [B, Коммерсант]; коробов/ч нет"
robot-komplektovschik,Робот-комплектовщик,throughput_unit,т/смену,known,dealer,https://habr.com/ru/companies/yandex/articles/938728/,т/смену (заявка); коробов/ч нет
robot-komplektovschik,Робот-комплектовщик,navigation,"Автономная навигация, компьютерное зрение (камеры и датчики глубины), платформа Yandex RMS",known,dealer,https://habr.com/ru/companies/yandex/articles/938728/,"Автономная навигация, компьютерное зрение (камеры и датчики глубины), платформа Yandex RMS [B]"
robot-komplektovschik,Робот-комплектовщик,enclosure,"Indoor, складские помещения",known,dealer,https://habr.com/ru/companies/yandex/articles/938728/,"Indoor, складские помещения [B]"
robot-komplektovschik,Робот-комплектовщик,container_type,"Короба разного размера, укладка на паллету",known,dealer,https://habr.com/ru/companies/yandex/articles/938728/,"Короба разного размера, укладка на паллету [B]"
robot-komplektovschik,Робот-комплектовщик,infrastructure_req,Интеграция с платформой Yandex RMS; склад с проездами для мобильной платформы,known,dealer,https://habr.com/ru/companies/yandex/articles/938728/,Интеграция с платформой Yandex RMS; склад с проездами для мобильной платформы [B]
robot-komplektovschik,Робот-комплектовщик,software_integration,"Yandex RMS: расчёт маршрута, задачи, укладка коробов по принципу «тетриса» с помощью ИИ",known,dealer,https://habr.com/ru/companies/yandex/articles/938728/,"Yandex RMS: расчёт маршрута, задачи, укладка коробов по принципу «тетриса» с помощью ИИ [B]"
robot-komplektovschik,Робот-комплектовщик,ready_for_automatch,false,known,dealer,https://habr.com/ru/companies/yandex/articles/938728/,"Нет — статус «разработка», не серия"
robot-komplektovschik,Робот-комплектовщик,risks,"Прототип, статус rnd, УГТ 7. Нет серийных ТТХ. Рука UR10 — импорт. В автоподбор не включать, показывать как перспективное.",known,dealer,https://habr.com/ru/companies/yandex/articles/938728/,"Прототип, статус rnd, УГТ 7. Нет серийных ТТХ. Рука UR10 — импорт. В автоподбор не включать, показывать как перспективное."
robot-komplektovschik,Робот-комплектовщик,axes,6,known,dealer,https://habr.com/ru/companies/yandex/articles/938728/,6 (UR10) [B]
robot-komplektovschik,Робот-комплектовщик,deployment_time,пилоты на складах ритейлеров до конца 2026; серия с 2027,known,dealer,https://habr.com/ru/companies/yandex/articles/938728/,пилоты на складах ритейлеров до конца 2026; серия с 2027 [B]
inventarizator-ai-stock-counter-12m,Инвентаризатор AI Stock Counter 12M,region,Москва,known,vendor,https://neurus.ru/projects/inventory,Москва
inventarizator-ai-stock-counter-12m,Инвентаризатор AI Stock Counter 12M,system_class,brs,known,vendor,https://neurus.ru/projects/inventory,brs
inventarizator-ai-stock-counter-12m,Инвентаризатор AI Stock Counter 12M,purpose,"Специализированный российский робот-инвентаризатор, разработанный группой компаний «Автомакон». Комплекс создан для автоматического высоковысотного пересчета и верификации паллетных грузов на складах и в крупных распределительных центрах. Главное отличие этого комплекса от робота Яндекса — полуавтономный или гибридный форм-фактор. Робот не имеет собственного самоходного полноприводного шасси, а выполнен в виде мобильной базы-вышки. Она легко перемещается обычной ручной рохлей, вилочным погрузчик",known,vendor,https://neurus.ru/projects/inventory,"Специализированный российский робот-инвентаризатор, разработанный группой компаний «Автомакон». Комплекс создан для автоматического высоковысотного пересчета и верификации паллетных грузов на складах и в крупных распределительных центрах.  Главное отличие этого комплекса от робота Яндекса — полуавтономный или гибридный форм-фактор. Робот не имеет собственного самоходного полноприводного шасси, а выполнен в виде мобильной базы-вышки. Она легко перемещается обычной ручной рохлей, вилочным погрузчик"
inventarizator-ai-stock-counter-12m,Инвентаризатор AI Stock Counter 12M,payload_kg,,not_applicable,vendor,https://neurus.ru/projects/inventory,не применимо (не перевозит груз)
inventarizator-ai-stock-counter-12m,Инвентаризатор AI Stock Counter 12M,lift_height_mm,12000,known,dealer,https://neurus.ru/projects/inventory,"мачта 5 секций, подъём до 12 000 мм [B]"
inventarizator-ai-stock-counter-12m,Инвентаризатор AI Stock Counter 12M,speed_loaded_ms,,not_applicable,vendor,https://neurus.ru/projects/inventory,не применимо (груз не перевозит)
inventarizator-ai-stock-counter-12m,Инвентаризатор AI Stock Counter 12M,speed_empty_ms,0.4,known,vendor,https://neurus.ru/projects/inventory,"средняя 0,4 [A, Neurus]; максимальная 0,6 [B, Automacon]"
inventarizator-ai-stock-counter-12m,Инвентаризатор AI Stock Counter 12M,throughput,12600,known,vendor,https://neurus.ru/projects/inventory,от 12 600 [A]
inventarizator-ai-stock-counter-12m,Инвентаризатор AI Stock Counter 12M,throughput_unit,ячеек/ч сканирования,known,vendor,https://neurus.ru/projects/inventory,ячеек/ч сканирования
inventarizator-ai-stock-counter-12m,Инвентаризатор AI Stock Counter 12M,work_time_h,2,known,vendor,https://neurus.ru/projects/inventory,2 (без подключения внешнего питания) [A]
inventarizator-ai-stock-counter-12m,Инвентаризатор AI Stock Counter 12M,charging_type,Автоматическая зарядка робота; опционально питание от погрузчика-тягача (крепление под вилы),known,dealer,https://neurus.ru/projects/inventory,"Автоматическая зарядка робота [B, Automacon]; опционально питание от погрузчика-тягача (крепление под вилы) [A, B]"
inventarizator-ai-stock-counter-12m,Инвентаризатор AI Stock Counter 12M,navigation,"Компьютерное зрение, камеры, дополнительная подсветка; AI-видеоаналитика на нейросетях",known,vendor,https://neurus.ru/projects/inventory,"Компьютерное зрение, камеры, дополнительная подсветка; AI-видеоаналитика на нейросетях [A]"
inventarizator-ai-stock-counter-12m,Инвентаризатор AI Stock Counter 12M,enclosure,"Indoor, склад с адресным хранением",known,vendor,https://neurus.ru/projects/inventory,"Indoor, склад с адресным хранением [A]"
inventarizator-ai-stock-counter-12m,Инвентаризатор AI Stock Counter 12M,container_type,Паллеты с QR-кодами и бар-кодами на упаковках,known,vendor,https://neurus.ru/projects/inventory,Паллеты с QR-кодами и бар-кодами на упаковках [A]
inventarizator-ai-stock-counter-12m,Инвентаризатор AI Stock Counter 12M,infrastructure_req,QR-маркировка ячеек и паллетомест; вилочный погрузчик или паллетоперевозчик как тягач (в основании предусмотрено крепление под любой вилочный погрузчик); работа без остановки склада,known,vendor,https://neurus.ru/projects/inventory,"QR-маркировка ячеек и паллетомест; вилочный погрузчик или паллетоперевозчик как тягач (в основании предусмотрено крепление под любой вилочный погрузчик); работа без остановки склада [A, B]"
inventarizator-ai-stock-counter-12m,Инвентаризатор AI Stock Counter 12M,software_integration,"Интеграция с WMS; собственное ПО (резидент «Сколково»), разработано под проект и совместимо с существующими складскими системами",known,vendor,https://neurus.ru/projects/inventory,"Интеграция с WMS; собственное ПО (резидент «Сколково»), разработано под проект и совместимо с существующими складскими системами [A, B]"
inventarizator-ai-stock-counter-12m,Инвентаризатор AI Stock Counter 12M,ready_for_automatch,true,known,vendor,https://neurus.ru/projects/inventory,Да
inventarizator-ai-stock-counter-12m,Инвентаризатор AI Stock Counter 12M,risks,Автономность всего 2 ч — для полной смены нужен тягач или подзарядка; требуется QR-маркировка ячеек и паллетомест (затраты на подготовку склада); температура и габариты неизвестны,known,vendor,https://neurus.ru/projects/inventory,Автономность всего 2 ч — для полной смены нужен тягач или подзарядка; требуется QR-маркировка ячеек и паллетомест (затраты на подготовку склада); нет данных о температуре и габаритах
robot-inventarizator,Робот инвентаризатор,region,Москва,known,vendor,https://robotics.yandex.ru/robotizatsiya-sklada,Москва
robot-inventarizator,Робот инвентаризатор,system_class,brs,known,vendor,https://robotics.yandex.ru/robotizatsiya-sklada,brs
robot-inventarizator,Робот инвентаризатор,purpose,Автономное мобильное решение для полностью автоматического учета и сверки паллетных грузов на крупных складах.,known,vendor,https://robotics.yandex.ru/robotizatsiya-sklada,Автономное мобильное решение для полностью автоматического учета и сверки паллетных грузов на крупных складах.
robot-inventarizator,Робот инвентаризатор,payload_kg,,not_applicable,vendor,https://robotics.yandex.ru/robotizatsiya-sklada,не применимо (не перевозит груз)
robot-inventarizator,Робот инвентаризатор,dimensions_mm,2000×1000,known,dealer,https://robotics.yandex.ru/robotizatsiya-sklada,платформа ~2000x1000 (Spectro «телега 2 на 1 м») + мачта до 12 500 [B]
robot-inventarizator,Робот инвентаризатор,lift_height_mm,12500,known,vendor,https://robotics.yandex.ru/robotizatsiya-sklada,"12,5 (раздвижная мачта) [A]; мачта до 12 500 [B]"
robot-inventarizator,Робот инвентаризатор,speed_empty_ms,1,known,dealer,https://robotics.yandex.ru/robotizatsiya-sklada,"~1,0 (целевая/рабочая, блог команды Spectro) [B]"
robot-inventarizator,Робот инвентаризатор,throughput,30000,known,vendor,https://robotics.yandex.ru/robotizatsiya-sklada,"до 30 000 палето-мест/ч [A, сайт вендора]; практика Spectro (Софьино) ~20–22 тыс. мест/ч [B]"
robot-inventarizator,Робот инвентаризатор,throughput_unit,палето-мест/ч,known,vendor,https://robotics.yandex.ru/robotizatsiya-sklada,палето-мест/ч
robot-inventarizator,Робот инвентаризатор,navigation,"Лидар, ультразвуковые сенсоры, камеры; автономное безопасное движение рядом с людьми",known,vendor,https://robotics.yandex.ru/robotizatsiya-sklada,"Лидар, ультразвуковые сенсоры, камеры; автономное безопасное движение рядом с людьми [A]"
robot-inventarizator,Робот инвентаризатор,enclosure,"Indoor, высотные стеллажные склады",known,vendor,https://robotics.yandex.ru/robotizatsiya-sklada,"Indoor, высотные стеллажные склады [A]"
robot-inventarizator,Робот инвентаризатор,container_type,"Паллеты и упаковки с QR-кодами, в т.ч. крупногабаритный товар",known,vendor,https://robotics.yandex.ru/robotizatsiya-sklada,"Паллеты и упаковки с QR-кодами, в т.ч. крупногабаритный товар [A]"
robot-inventarizator,Робот инвентаризатор,infrastructure_req,QR-маркировка; установка без изменений инфраструктуры склада,known,vendor,https://robotics.yandex.ru/robotizatsiya-sklada,QR-маркировка; установка без изменений инфраструктуры склада [A]
robot-inventarizator,Робот инвентаризатор,software_integration,"Интеграция через API с WMS и ERP; Yandex Robotics Platform (управление роботами разных вендоров, без vendor lock)",known,vendor,https://robotics.yandex.ru/robotizatsiya-sklada,"Интеграция через API с WMS и ERP; Yandex Robotics Platform (управление роботами разных вендоров, без vendor lock) [A]"
robot-inventarizator,Робот инвентаризатор,price_includes,Вендор предлагает модель подписки (робот по подписке / RaaS); публичных ставок нет,known,dealer,https://robotics.yandex.ru/robotizatsiya-sklada,Вендор предлагает модель подписки (робот по подписке / RaaS); публичных ставок нет [B]
robot-inventarizator,Робот инвентаризатор,raas_available,true,known,dealer,https://robotics.yandex.ru/robotizatsiya-sklada,Да — вендор развивает подписочную модель на роботов и ПО [B]
robot-inventarizator,Робот инвентаризатор,ready_for_automatch,true,known,vendor,https://robotics.yandex.ru/robotizatsiya-sklada,"Да, с оговорками — производительность диапазоном 20–30 тыс., не одной цифрой"
robot-inventarizator,Робот инвентаризатор,risks,Маркетинговые 30 000 vs практика 20–22 тыс. Нет публичной автономности и точных габаритов серийной машины (цифры Spectro). Цена каталога может не отражать RaaS.,known,vendor,https://robotics.yandex.ru/robotizatsiya-sklada,Маркетинговые 30 000 vs практика 20–22 тыс. Нет публичной автономности и точных габаритов серийной машины (цифры Spectro). Цена каталога может не отражать RaaS.
